clip_filename,language,genre,speaker_name,primary_emotion,secondary_emotion,approved,qc_flags,duration_s,word_count,words_per_min,lufs,lufs_delta,true_peak_dbtp,rms_dbfs,snr_db,spectral_centroid_hz,silence_ratio,transcript
en_news_000_0003.wav,en,news,Arnab Goswami,neutral,formal,true,,52.185,132,151.8,-23.01,-0.01,-4.03,-23.46,34.1,1981.6,0.398,"And that picture, ladies and gentlemen, tells the story of India's significance in the global arena. This is the most powerful set of global leaders who are meeting together, and India there is right there on top. And here is my message from that picture. It is a message to everyone who said, oh, India is wilting under American pressure. That picture tells the story of a country that has held its own and is respected globally. This meeting is happening at a time when the whole world knows how India has held its ground in geopolitics and global economics. We have not only held our ground We have kept our strategic options open and most importantly, this meeting is happening ahead of Russian President Vladimir Putin's visit to India in September."
en_news_001_0001.wav,en,news,Arnab Goswami,intense_dramatic,formal,true,,53.045,136,153.8,-23.0,0.0,-2.13,-23.23,39.1,2599.2,0.347,"My view is that Trump has won nothing. Trump has got nothing, he's ending up looking even more foolish than he did when he started this war and we got himself into a log jam. He got into quicksand, he wanted an off-ramp, he wanted to get out of the situation, he couldn't. And now he says that the war is over. Only on Republic Tonight I am asking what has America actually got? What did Trump actually get for America? Actually very little. Some kind of a temporary pause. a sixty day window for negotiations, a sixty day negotiating window for the bigger issues. Not a solution, not an end to the war. Hormuz has been reopened, very good for all of us, but America has got nothing. he's only got some verbal Iranian promises."
en_speech_002_0004.wav,en,speech,Anand Mahindra,formal,neutral,true,,49.915,113,135.8,-22.97,0.03,-5.51,-23.56,28.5,2183.1,0.29,"the shadow of the metaverse. Entrepreneurs are buying up real estate on it. Countries are opening up virtual embassies in it. And through the metaverse, we can live not just a virtual second life, but also a parallel life where the virtual intersects with reality and the boundaries between the two. grow more and more blurred. Now in many ways it may actually enhance the effectiveness of diplomacy. Virtual face to face negotiations may become as effective as in person ones. Global summits and indeed side conversations where you can interact virtually, where you can smell the coffee almost, can lead to both quicker responses and actually make a dent in climate change."
en_speech_002_0005.wav,en,speech,Anand Mahindra,neutral,formal,true,,53.485,140,157.1,-22.97,0.03,-5.23,-23.42,28.3,2068.6,0.287,"On the other hand, the metaverse is likely to turn out to be the new Wild West. What laws will govern it? Who will have jurisdiction and over what? Who will own the new forms of data that the metaverse metaverse is going to generate? pupil dilation, heartbeat rates, biometric data. What happens to free speech and to privacy? The metaverse and indeed the technology driven world of the future is going to be like the force. from Star Wars of course. But as all of you know, by itself the force is neither good nor bad. It depends on who uses it and towards what end. So these are all the potentus issues that your generation will have to grapple with. But yours is not the usual graduating class. You have all experienced the disruption caused by Covid. You"
en_speech_002_0006.wav,en,speech,Anand Mahindra,neutral,calm_reverent,true,,53.795,146,162.8,-23.0,0.0,-5.69,-23.48,28.9,2072.2,0.292,"witness the absurdity of a brutal war taking place in the twenty-first century between affluent nations. You're seeing a world where few leaders are true or permanent role models. And in such a situation, this where there seems to be no certainty but only shades of gray. How does it make sense for me to tell you to go out into the world holding fast to your ideals. But my answer to that would be a resounding yes. Because it may in fact be the only way to make sense of a world in which the ground under your feet feels like quicksand. And because all of you are in a unique position to apply those ideals to your work right away, because you've all taken a decision to follow a career path that is going to have a wider impact on global issues than almost"
en_speech_002_0007.wav,en,speech,Anand Mahindra,conversational_casual,formal,true,,53.89,138,153.6,-22.99,0.01,-5.46,-23.72,28.9,2023.1,0.332,"any other career. So my first exhortation to you would be to embrace the ought, not the is. shape the world as it ought to be, rather than accepting it as it is. And human beings have never stopped aspiring to this ideal, no matter how messy the reality may be. And that's why the whole world loves it when David beats Goliath, when the good guy wins and the bad guy gets his comeuppance. may not always work that way in real life, but that's how we as human beings want it to be. And we make heroes out of those who make that happen. yet in a jagged and a paradoxical often brutal world, how can you hold fast to that ideal, to the ought? And that's where I think the centrality of purpose comes in."
en_speech_002_0010.wav,en,speech,Anand Mahindra,neutral,formal,true,,54.295,134,148.1,-22.98,0.02,-5.48,-23.35,27.8,1938.8,0.292,"The world's most powerful companies were at our doorstep, anxious to get a temptingly large piece of the Indian pie. For old economy companies like ours, which had prospered under a protectionist regime and had forgotten really how to compete, the opening of of the Indian economy was like the Grim Reaper knocking at the door. And seriously, there were people around large consultancy firms who were busy writing our epitaph. And yet, three decades later, Here we are, a multi-billion dollar group, still chugging along and earning goodwill while we do so. So how did we do it? Well, obviously, there were many ingredients. But to my mind the most important one was to harness the power of purpose. We found ourselves in a very strange back to the future kind of situation."
en_speech_002_0017.wav,en,speech,Anand Mahindra,conversational_casual,calm_reverent,true,,51.785,121,140.2,-22.97,0.03,-5.35,-23.48,28.6,2029.1,0.323,"and recognize a fellow student who stayed up with you all night to support you when life seemed overwhelming. A professor who postponed an exam when COVID anxiety was at its peak. parents who have worked tirelessly and sacrificed much to enable you to celebrate today. These are people who commit themselves to helping others rise in small but meaningful ways every single day. People who have come to understand the significance of empathy. they find ways to shape their world into what it ought to be. And I ask you, why can't the next individual who brings the is closer to the ought be you? So in closing, let me come back to my father. And I've often asked myself..."
en_speech_002_0018.wav,en,speech,Anand Mahindra,conversational_casual,neutral,true,,51.71,122,141.6,-23.01,-0.01,-6.05,-23.95,28.7,2031.8,0.37,"Why did he come to Fletcher? He had already been with been away from his family and home for four years as an undergraduate at Harvard. Why didn't he simply choose to go home after such a long absence? And if I were to guess what went through his mind, I would say he stayed on because he saw a new world in the making. He wanted to understand that world and he wanted to be part of the solution. He came as the original pilgrim, seeking answers. In a way, so are you all, pilgrims, in search of answers. all pilgrims in search of a better world. I once read the perfect definition of a pilgrim, which says that a pilgrim"
en_speech_003_0002.wav,en,speech,Palki Sharma,conversational_casual,neutral,true,,52.3,135,154.9,-23.0,0.0,-5.61,-23.93,45.5,2202.9,0.372,"cultural, personal, all kinds of stories in the most persuasive manner. I remember reading somewhere in the olden times they used to say that if you want to poison a people you should poison their wells. You know, they'll have contaminated water, they'll die. Now it is said that if you want to poison a people you poison their stories. When you poison their stories, you contaminate their minds, and it's it's worse than dropping bombs. Because then you take away the self-confidence of a country. You devastate their morale. And I think that is more damaging any day than poisoning water or poisoning wells. you make a country doubt its abilities. And we Indians have been through a very difficult phase where we were colonized and while we achieved independence seventy five years ago..."
en_speech_003_0004.wav,en,speech,Palki Sharma,formal,neutral,true,,52.835,126,143.1,-22.99,0.01,-4.81,-24.21,43.7,2158.7,0.422,"destroyed. So the story of Kyoto one and the story of Nagasaki and Hiroshima lost, which is why it is very important to also control your story. to actively shape it. We are a country of 1.4 billion people. We have more than 800 channels. We have a lot of content and our phone is full of stories and videos and reels and all sorts of things that you all consume. We are very aware and politically engaged people. From the tea seller to the C E O of a company, everybody knows what's happening. They can talk to you about Biden's policies and they can also weigh in on what's happening in Bihar and everything in between. But we seek validation from the foreign press."
en_speech_003_0005.wav,en,speech,Palki Sharma,formal,angry,true,,51.925,147,169.9,-22.97,0.03,-6.03,-24.0,45.1,2173.7,0.411,"If you've seen what's been making news in the past couple of days, you would know. The New York Times writes something about a policy in India and it immediately becomes a Twitter trend. But why do we need a certificate from the foreign press? We may trash it, we may say that we don't care about what the New York Times is saying, but we do. Because we discuss it. It affects us, we react to it, we consume it. The economist says something about who we should vote for in an Indian election. And it becomes part of the political debate. And while we've achieved a lot in India in the last seventy five years. We've not had a single newspaper in this country. Can you imagine an Indian newspaper publishing a headline about something in the U.S. or the U.K. and for that making"
en_conversational_004_0003.wav,en,conversational,Dr Vivek Modi,formal,conversational_casual,true,,55.105,148,161.1,-23.0,0.0,-5.46,-23.52,36.6,2283.4,0.325,"So what is P P I T here? Let's understand. Okay. First P. In P P I T, first P is called people. People. Okay. So it means you can talk something about the people present there. Let us say if school principal is sitting there on the desk. So you can say few words about that. You can first start by greeting.  Good evening, good morning, Namaskar to all. And then you can say thank you so much for giving me this opportunity to come on the days and represent parents or brother sister or represent our son there who is studying in this school. Then you can say, before I begin, keep in your mind P, you can say, before I begin and say something, let me congratulate Principal sir and entire staff of this college or this school to run it really well and professionally."
en_conversational_004_0004.wav,en,conversational,Dr Vivek Modi,conversational_casual,formal,true,,48.5,155,191.8,-22.96,0.04,-5.74,-23.1,35.7,2284.8,0.261,"we feel it is like our family. Now you are talking about people there, okay? So say few sentence about people present on the day of and people present in the audience. In general, you will always be able to make few comments about the people, no matter what is the situation. Now it may be a club function, it may be a wedding ceremony, it may be some other kind of office ceremony, a farewell party or something, where suddenly if you are called to tell something, first remember P, talk about people, something, say few words, okay. Then move on to the second P. P P I T I told you. Second P. Second P is place. Okay, first P is people, second P is place. Now what do you say about place? Talk about that organization or that location where you are. So you can say whenever I come to this campus."
en_conversational_004_0008.wav,en,conversational,Dr Vivek Modi,happy_excited,conversational_casual,true,,50.82,149,175.9,-22.99,0.01,-4.86,-23.03,37.6,2280.2,0.252,"I see few of them will become Bharat Ratna or Nobel Prize winners. They will bring glory to country. You are talking about future of that audience. You are talking about future of that organization. You are talking about future of that place again. So same PPI in past, present, future. Again you get some more points to speak and fill in the blank. So it really doesn't matter what is the topic, really doesn't matter what is the audience, really doesn't matter what is the occasion, you always if you can keep this technique in your mind, P P I T, place, people, place, issue and time. If you use this technique, you will always be able to speak confidently at least for five minutes. And that's good enough. And you know one of the good thing about it, since you have spoken extempore, people will love that."
en_conversational_004_0014.wav,en,conversational,Dr Vivek Modi,conversational_casual,neutral,true,,49.585,152,183.9,-23.04,-0.04,-5.87,-23.02,34.9,2125.2,0.221,"So vocabulary, I cannot give you a mantra, you chant and vocabulary happens. You have to listen more people, that's how your words get rich. You have to read more book. If you are not able to read and say me I want to become fluent, it won't happen, yes? So you have to do simple thing is read more variety of things and talk in different scenarios. watch debates, watch people talking and see what kind of phrases and words they are using. there are few words which will repeatedly coming. any video you open, you will find few new words. look at those words, internalize them, imagine where will I speak these words and speak. That's it. So, it's a process. Don't keep a timeline in two days my vocabulary should be good or in one week it would be. It's a lifelong process even today I learn new words."
en_conversational_004_0017.wav,en,conversational,Dr Vivek Modi,calm_reverent,conversational_casual,true,,51.88,149,172.3,-22.99,0.01,-2.56,-22.94,31.6,2090.1,0.221,"How will I use it? What situation I can use it? If you cannot imagine a situation then put that word in a in background. Use first learn only those words which you can think of using. And when I say think of using it should not look artificial or odd. It should look very natural. When you're talking to your friends, when you are talking to some people on phone or otherwise, if it is not natural just to just to make it very difficult, just to make it sound it very sophisticated if you are learning a word and using it word, no it won't work. Communication is not about creating difficult words and using jargons, no. in the end communication should is about conveying your message effectively and receiving your message in two way. So listen carefully to people and communicate in simple yet understandable English."
en_vlog_005_0001.wav,en,vlog,Sunita Rawat,happy_excited,conversational_casual,true,,52.47,156,178.4,-23.0,0.0,-3.45,-22.78,31.3,1889.4,0.234,"Hello and good morning from Chamoli, Uttarakhand. If you don't know me, I am Sunita Rawat and I welcome you all again to my channel Sunita's English Adventure, where I create vlogs in English and have conversations with people and you get to see those conversation on my this channel. So if you want to improve your English, surely this is the right channel for you, so you can immediately subscribe to my channel and be in the video till end, because today I'm going to show you something different, something that you haven't seen in my videos before. But let me see, I haven't planned anything, but I'll try to show you something different so that you could learn. Okay, so today I'm wearing this scarf. It's the identity of Uttarakhand. So I thought let me just wear it to show you. And it's actually cold as well today, unlike yesterday. Yesterday it was really"
en_vlog_005_0002.wav,en,vlog,Sunita Rawat,sad,conversational_casual,true,,52.44,146,167.0,-22.99,0.01,-1.43,-22.97,37.4,1856.4,0.235,"Okay guys, nothing much to show in this view today, but it looks little little blurry to me. I mean, I can show you Himalayas from here, but these days it is fully covered with mist, I guess, that looks like mist only. that we call dhund in Hindi but I'm not sure what is what it is exactly. Yes it's so cold here that I'm wearing thermals beneath my kurta and I've layered up with a sweater as well so you can imagine how cold it is here today and it's the month of May today is first May. So you can imagine like people are suffering from scorching hot weather in cities and here in hilly areas we are suffering or what should I say? I mean,  sometimes I like the kind of weather we have here. It's quite volatile. It changes very frequently."
en_vlog_005_0003.wav,en,vlog,Sunita Rawat,happy_excited,sad,true,,52.585,133,151.8,-23.0,0.0,-3.31,-23.07,45.4,1776.8,0.279,"But sometimes I don't. I am so pissed off. I want to wear some vibrant dresses like we wear in summers, but very rarely I'm getting that chance to do so. I am always covered with all these warm clothes, so I'm a little bored of this now. I really love the design and the color combination of this scarf. Do tell me how do I look in this. I feel good, you know, when you wear something. different, although I have a lot of collections of these kind of scarves, like in different colors and different designs, I love wearing them. And do tell me, how do I look? I'm not sure. Okay, so today I have a conversation with Himachali tutor Himachali tutor Neha Rana. She is very famous on YouTube."
en_vlog_005_0005.wav,en,vlog,Sunita Rawat,calm_reverent,conversational_casual,true,,47.535,130,164.1,-23.0,0.0,-4.26,-22.81,44.5,1654.0,0.265,"you know, build that confidence first. No matter how many mistakes you make, if you are confident, you can trick the person in front of you. Can't you? And I'm sure you must have witnessed these kind of people in your life where they are very confident but they don't know anything, but still they are confident because of which they succeed in their career, in life or whatsoever because whatever they speak, they speak with complete confidence. So yes, I'm looking forward to have a deep and meaningful conversation with Neha Rana ji. It always is actually because she always gives a direction to the conversation and you feel so into it, like you don't feel bored of the conversation, you feel so into it, you enjoy the conversation."
en_vlog_005_0006.wav,en,vlog,Sunita Rawat,calm_reverent,conversational_casual,true,,52.315,138,158.3,-23.0,0.0,-6.8,-22.73,29.7,1398.9,0.203,"Okay, so I'm done with this book, The Mother I Never Knew from Sudha Murthy ji. And I found this book worth reading because the language is quite simple and it took me around a couple of months to finish this book because for me it was quite difficult to take some time out from my busy schedule and to read things because whatever little time I get I prefer to have something you know to learn something really quick and when you listen to things when you watch something you learn it really quick like from conversations from podcast and all these things but when you read I mean, I'm just  expressing my opinion when you read,  you have a doubt that whether you're going to get something meaningful from it or not for your everyday conversations."
en_vlog_005_0007.wav,en,vlog,Sunita Rawat,calm_reverent,conversational_casual,true,,51.345,147,171.8,-23.01,-0.01,-6.16,-22.72,34.4,1598.3,0.21,"So that's why I simply closed the book and I prefer to watch videos or podcast or I simply read articles from Google so that I could get some quick instant knowledge. But yes, I've managed to complete this book in almost two months. And this book is more or less like Daily Soaps. Like it has two stories and both the stories are quite unusual. Like the stories that we get to see in Daily Soaps. You can get dramatic twists. Yeah, when you read one page, you feel like reading another one and it creates curiosity, same like the way Daily Soaps creates. That is why ladies are just stuck. to Daily Soaps. And they are always so excited to watch the next episode because of the curiosity again. So yeah, I found this good. You can also read this, The Mother I Never Knew."
en_podcast_006_0001.wav,en,podcast,Kenny Sebastian,happy_excited,intense_dramatic,true,,48.52,132,163.2,-23.0,0.0,-8.22,-22.67,30.7,2391.4,0.224," hi everyone what's happening.  It's a special special episode because  it's a few days after the release of my special on Netflix. The most interesting person in the room. I have died saying that full name for two years and now it's finally over and it was trending on Netflix and the comments have come in and everyone's happy and the world is a wonderful place again.  I just  I can't believe that It's, I think we shot it in October 2019 and now it's, what, what year is it? It's 2020 and it's, what month is it? It's it's may, right? It's still may. It's still may. Today is what is today's date? I have no idea what's happening actually in life. Today today's oh it's June. Today is first June."
en_podcast_006_0003.wav,en,podcast,Kenny Sebastian,sad,happy_excited,true,,52.8,159,180.7,-23.0,0.0,-8.06,-22.87,51.2,2431.7,0.291,"of sixty seven minutes. That sixty seven minutes took so much work and it's it's a part of you that you have given and it won't come back. I know it sounds very lame but it's very special because it is a special. I don't think you understand. It's almost like letting a child go, you know,  because I'll never do the jokes again because once you do the joke once, you can't repeat it. So it's almost like you see it and it's like a time capsule of two and a half years of your life. It's pretty cool. It's pretty cool. I'm so happy with the you guys flooded me on Instagram and you guys messages were very sweet. And I think after the special, I just realized that I I mean, I got all the joy from it already. It's already on Netflix and,  my friends and family love it and my audiences love it and,"
en_podcast_006_0017.wav,en,podcast,Kenny Sebastian,intense_dramatic,angry,true,,51.18,145,170.0,-22.98,0.02,-8.33,-23.19,45.4,2530.5,0.318,"P.S. we have been dating for nine months. What the shit! Nine months and already.  wait dude, both of you wait, relax. You're twenty three, right? So he's twenty seven, he has enough time. He doesn't have a biological clock, ask him to shut the shit up and wait. Wait at least for a year, nothing will happen in a year. And  this commitment issue thing, no, please introspect a little bit more because I used to think I don't have commitment issues. Then in my twenties, mid twenties I realized I did. because I was like I'm super romantic and I'm super into commitment and old school relationships. And then when I went for therapy,  while I was talking I realized I'm commitment phobic when it comes to marriage because a relationship is very very easy to easy to do  when you're not married."
en_podcast_006_0022.wav,en,podcast,Kenny Sebastian,happy_excited,intense_dramatic,true,,51.71,122,141.6,-22.99,0.01,-7.51,-23.21,53.0,2379.8,0.35,"Do you think that if someone has anything bad, does anything, has done anything bad to you emotionally, that karma finds them and gets it squared off or do you think these people can escape? Is karma just a way to make ourselves be patient and focus on other stuff enlighten us Kenny. I really like this question because he's also very self-aware. Though if there's one thing I believe in which is not logical or rooted in scientific facts or reasoning. is karma. Dude, I can't explain it. But karma has wrapped around me like a little snake,  and it's covered all my private parts.  what that makes no sense. Karma is so prominent in my life, I'm not kidding guys."
en_podcast_006_0028.wav,en,podcast,Kenny Sebastian,angry,neutral,true,,50.155,122,145.9,-23.0,0.0,-8.35,-23.15,56.9,2384.0,0.348,"Being a journalist basically means not spending enough time on a certain skill. So you won't be good at it. So it's not about being unfair or fair, you're talking about you this is what you're saying. People favor people who complete the twenty one K marathon instead of people who do seven two kilometer marathons. It's like those are not those are two completely different things. One person has chosen to spend time and complete a thing. Why are you hating them on completing a thing? And being a journalist is a is is doesn't make sense, right? Because  you will be good at something more than the other thing. So,  there were some lot of interesting replies, but for example,"
en_speech_007_0008.wav,en,speech,Nikhil Kamath,happy_excited,calm_reverent,true,,50.765,114,134.7,-23.0,0.0,-5.25,-23.65,60.0,2240.3,0.328,"There's some things I'm thinking about and some things I'm not, but largely, I have gratitude for life. I am thankful for a brother who had a stroke a year ago recovering. My biggest worry are things like my sister-in-law is cancer free or my dad who passed away recently did so peacefully. I'm thankful for the dogs Anant gave me.  Those two Labradors are adorable. I've named them Chase and Grace. You have to see them still. And I'm not sat there worrying about what happened in social media or what happened to the next successful businessman, what deal did he crack and feeling insecure about life.  So if there is one thing"
en_dramatic_009_0001.wav,en,dramatic,Rohan Joshi,intense_dramatic,sad,true,,52.61,156,177.9,-23.0,0.0,-1.33,-23.51,30.0,2131.2,0.199,"Hi! My name is Rohan.  I have anxiety.  To people here who might not know what that is, I'll use a simple definition. What this means is that as part of my life, I am constantly persistently and excessively worried about all sorts of actions and events, no matter how ordinary or how routine those events may be. So I guess what I'm saying is standing on an island with no escape with a thousand people staring at me. is a very relaxing way to spend the evening. Anxiety is a difficult thing to explain to people because when you start to describe it or when I start to describe it most people listen for a bit and then say but it sounds like you're just worried about things. Everybody has worries. Tough shit son you're not special. Have you read a newspaper recently? everybody has problems, but that's just it. Anxiety is not just worry."
en_dramatic_009_0002.wav,en,dramatic,Rohan Joshi,angry,intense_dramatic,true,,53.125,155,175.1,-23.01,-0.01,-3.59,-23.63,34.7,2047.2,0.248,"Have you ever left home and wondered if you forgot to switch the geyser off? Have you ever been to a restaurant where the menu is so large and has so many things on it that it paralyzes you into indecision and you can't even decide what you want to drink? Now imagine going to a restaurant where the menu is that large and it has that many options except every single option on the menu is another geyser that you forgot to switch off. That terror, but every single minute of every single day about every little thing, that's anxiety. As someone who lives with anxiety, I'm really glad that people are finally talking about anxiety. As someone who has anxiety, I really hate that people want to talk about anxiety to me. When you tell me about your anxiety, all you're doing is ensuring that now I'm worried about me and about you."
en_dramatic_009_0003.wav,en,dramatic,Rohan Joshi,intense_dramatic,sad,true,,51.49,173,201.6,-22.99,0.01,-1.78,-23.81,36.3,2198.0,0.244,"And that's the thing, I understand and I empathize and the thing is I want to help you and I want to help everybody and I would carry everybody's shit in a heartbeat. if I was strong enough. But some days I feel like I have the strength to do it. Some days I feel like I can help somebody look into their abyss. I can help people stare down their abyss without blinking until the abyss blinks first. But on other days I'll help somebody stare into their abyss and realize that their abyss looks way too much like my abyss. And then before I know it, I'm staring into my own abyss. And the next thing I know, two hours have gone. And my jaw hurts from grinding my teeth and the inside of my cheeks are bleeding and my lips look like the surface of the moon. And all I can feel is helplessness about not being able to help anyone at all. And yet, that I can deal with."
en_dramatic_009_0004.wav,en,dramatic,Rohan Joshi,intense_dramatic,angry,true,,54.54,136,149.6,-23.02,-0.02,-5.68,-23.74,35.1,2167.4,0.252,"When people on the internet are in my inbox with negativity or saying that they need help or that they're pleading that I can do something, I can deal with that. Because those emotions I understand. Those emotions I am intimately familiar with, been there, done that. What I cannot handle on the internet is all the fucking positivity. Dear citizens of Instagram, spare me. Spare me your colorful tiles with your short cute quotes that sound so cool but don't say shit. spare me all your amazing lies where you try to fit complex emotions and diverse struggles into cute shareable lines that sound really nice when you share them but don't mean shit. I am tired of going online on an anxious day and seeing a post where someone said something like unfuck yourself."
en_dramatic_009_0005.wav,en,dramatic,Rohan Joshi,angry,intense_dramatic,true,,52.91,149,169.0,-22.99,0.01,-5.93,-23.44,31.2,2054.4,0.202,"You're not preaching positivity, you're preaching denial. Stop telling people who are dealing with shit, whether it's depression or whether it's anxiety or whatever it is, stop telling them shit like, oh, that's just another beautiful dimension of you. Stop telling me that that's just a beautiful scar that I carry. There is nothing beautiful about it. There is nothing beautiful about seeing blood in your foam when you brush your teeth every morning. There is nothing beautiful about wondering what your friends and family are up to because you don't have the courage to walk out of your front door on a particular day. Stop telling people things like it is not you who is depressed, it is reality which is broken. The next time you're sick, I'll come to your house, throw your medicines out of the window and say it is not you who has malaria."
en_dramatic_009_0006.wav,en,dramatic,Rohan Joshi,intense_dramatic,sad,true,,52.81,191,217.0,-23.0,0.0,-3.13,-23.22,26.1,2064.9,0.158,"What I can say is that hopefully one day at some point in your future it will get better. That one point when you feel like giving up just remember that somewhere in your future maybe not tomorrow, maybe not day after, maybe not next year, but somewhere in your future a day is waiting and it is a simple and ordinary and profound day where you'll get one little thing right like you'll make the perfect cup of tea. or the sun and the wind will hit your face in that perfectly pleasant way that makes you want to take a lovely nap, or a friend will tell a joke that will make you burst out in laughter, and in that second, on that day a voice in your head will say, I'm glad I stuck around for this. I am glad I fought off the abyss. I am glad that I stared it down and I am glad that I am here. I will also tell you that that day will not last and it will go away and for every good day there will be another bad one."
hi_conversational_010_0001.wav,hi,conversational,Narendra Modi,formal,neutral,true,,53.175,99,111.7,-23.0,0.0,-8.0,-23.17,64.3,1628.8,0.318,मेरे प्यारे देशवासियों नमस्कार मन की बात के एक और एपिसोड में आप सब से जुड़कर खुशी हो रही है इधर बीच चुनाव की भागदौड़ रही है लेकिन आपके पत्रों और संदेशों के माध्यम से हमने देश और देशवासियों की उपलब्धियों पर एक दूसरे से अपनी खुशियाँ साझा भी की है इस बार मन की बात की शुरुआत देश की एक ऐसी ही बहुत बड़ी उपलब्धि से करते हैं साथियों भारत ने विज्ञान को हमेशा देश की प्रगति से जोड़कर देखा है। इसी सोच के साथ हमारे वैज्ञानिक सिविल न्यूक्लियर प्रोग्राम को आगे बढ़ा रहे हैं। उनके प्रयासों से
hi_conversational_010_0004.wav,hi,conversational,Narendra Modi,formal,neutral,true,,52.965,100,113.3,-23.03,-0.03,-7.97,-22.92,63.1,1350.9,0.271,भारत के परमाणु कार्यक्रम में अपना अमूल्य योगदान दिया है देशवासियों का जीवन बेहतर और आसान बनाने के लिए उनका यह प्रयास बहुत ही सराहनीय है इससे विकसित भारत के हमारे संकल्प को भी एक नई ऊर्जा मिलेगी मेरे प्यारे देशवासियों मन की बात में आज मैं एक ऐसी शक्ति की बात करना चाहता हूँ जो अदृश्य है लेकिन जिसके बिना हमारा जीवन एक पल भी न चले यही ताकत भारत को आगे बढ़ा रही है यह हमारी पवन शक्ति है हमारे प्राचीन ग्रंथों में कहा गया है वायुर्वा इति व्यष्टिः वायुर्वै समष्टिः अर्थात वायु सिर्फ एक तत्व नहीं है
hi_conversational_010_0007.wav,hi,conversational,Narendra Modi,conversational_casual,formal,true,,52.58,101,115.3,-23.04,-0.04,-8.17,-23.11,64.5,1667.4,0.304,इसमें हम सब की भूमिका है हमें बिजली बचानी है हमें स्वच्छ ऊर्जा क्लीन एनर्जी अपनानी है देश में हर स्तर पर ऐसे प्रयास जरूरी हैं क्योंकि इन्हीं से बड़ा बदलाव आता है साथियों मई महीने की शुरुआत एक पावन अवसर के साथ होने जा रही है कुछ ही दिनों में हम बुद्ध पूर्णिमा मनाएंगे मैं आप सभी देशवासियों को अपनी अग्रिम शुभकामनाएँ देता हूँ भगवान गौतम बुद्ध का जीवन संदेश आज भी उतना ही प्रासंगिक है उन्होंने हमें सिखाया है कि शांति हमारे भीतर से शुरू होती है उन्होंने बताया है कि स्वयं पर विजय सबसे बड़ी विजय होती है
hi_conversational_010_0013.wav,hi,conversational,Narendra Modi,calm_reverent,neutral,true,,52.04,105,121.1,-22.96,0.04,-7.89,-22.97,62.5,1477.9,0.29,और गर्व से भर देती है मैं मन की बात के श्रोताओं से कुछ उदाहरण साझा करना चाहता हूँ इनको सुनकर आपका मन प्रसन्न हो जाएगा पहले बात कच्छ के रण की बरसात खत्म होते ही यहां की धरती जीवंत हो जाती है। हर साल लाखों फ्लेमिंगो यहां आते हैं। पूरा इलाका गुलाबी रंग से रंग जाता है। इसलिए इसे फ्लेमिंगो सिटी कहा जाता है। ये पक्षी यहीं घोंसले बनाते हैं और अपने बच्चों को बड़ा करते हैं। कच्छ के लोग इन्हें लाखा जी के बाराती कहते हैं। अब लाखा जी के बाराती कच्छ में पर्यावरण संरक्षण के बड़े सुंदर प्रतीक बन गए हैं। साथियों।
hi_conversational_010_0016.wav,hi,conversational,Narendra Modi,calm_reverent,neutral,true,,51.885,103,119.1,-22.98,0.02,-7.56,-23.06,60.8,1352.6,0.302,प्रकृति और मानव अलग नहीं है हम एक दूसरे के साथी हैं जब हम प्रकृति को समझते हैं उसका सम्मान करते हैं और उसके साथ मिलकर चलते हैं तो बदलाव साफ़ दिखाई देता है आज यही बदलाव देश के कोने कोने से नई उम्मीद बनकर सामने आ रहा है मेरे प्यारे देशवासियों नॉर्थ ईस्ट हम सबके लिए अष्टलक्ष्मी है यहाँ भरपूर टैलेंट है और नॉर्थ ईस्ट की प्राकृतिक सुंदरता भी सबका ध्यान खींचती है। मन की बात में भी हम अक्सर नॉर्थ ईस्ट के लोगों की उपलब्धियों पर चर्चा करते आए हैं। आज ऐसी ही एक और उपलब्धि की मैं आपसे चर्चा करूंगा।
hi_conversational_010_0034.wav,hi,conversational,Narendra Modi,neutral,formal,true,,52.315,98,112.4,-23.0,0.0,-7.1,-22.98,36.5,1057.4,0.265,"कई प्रसिद्ध संस्थानों को भी आकार दिया गुरुदेव टैगोर लोगों के लिए ऐसे उद्योगों के पक्षधर थे जिनमें स्थायी रोजगार मिलने के साथ ही गाँवों का भी कल्याण हो उनके रविंद्र संगीत का प्रभाव आज भी दुनिया भर में बना हुआ है। मेरे लिए शांति निकेतन की यात्राएं अविस्मरणीय रही। यह वही इंस्टीट्यूशन है जिसे उन्होंने पूरे समर्पण भाव से सींचा और संवारा था। उन्हें एक बार फिर मेरी विनम्र श्रद्धांजलि। साथियों, मई का महीना अठारह सौ सत्तावन के प्रथम स्वतंत्रता संग्राम की याद भी दिलाता है। मैं मां भारती की सभी वीर संतानों को नमन करता हूं।"
hi_news_011_0002.wav,hi,news,Ravish Kumar,intense_dramatic,,true,,52.155,149,171.4,-22.96,0.04,-4.56,-23.29,39.7,1733.0,0.245,ट्रस्ट के अध्यक्ष के नाते उन्होंने एफ आई आर तक नहीं कराई है। मीडिया रिपोर्ट में मंदिर के चढ़ावे से डकैती की रकम दो करोड़ से बढ़कर दो सौ करोड़ तक पहुंच गई है और ट्रस्ट के प्रमुख चंपत राय मीडिया के सामने नहीं आ रहे। दैनिक भास्कर ने लिखा है एक साल से यह खेल चल रहा था तब क्या ट्रस्ट के किसी सदस्य को नहीं लगा कि करोड़ों रुपए की लूट हो रही है लग रहा है पूरे मामले को किसी तरह मैनेज किया जा रहा है अगर नहीं तो अभी तक ई डी का छापा भी नहीं पड़ा। एफ आई आर भी नहीं हुई। एफ आई आर कौन नहीं चाहता है और किसे डर लगता है? क्या इसलिए कि घटना का आधिकारिक रिकॉर्ड ना बन जाए? कोर्ट में मामला जाएगा तो सौ और बातें लोगों को आधिकारिक रूप से पता चलेंगी? जो जांच चल रही है
hi_news_011_0003.wav,hi,news,Ravish Kumar,intense_dramatic,,true,,52.135,145,166.9,-22.98,0.02,-3.54,-23.33,38.8,1827.1,0.236,"उसकी क्या कानूनी मान्यता है? मतलब जिन पर संदेह है वही कह रहे हैं हम पर भरोसा करो, हम जांच कर रहे हैं और हम जो कहेंगे वही मान लेना। सात जून से लेकर तेरह जून तक एफ आई आर नहीं, एस आई टी की मांग नहीं। अगर इस मामले में पुलिस जांच कर रही है तो किस हैसियत से क्या थाने में शिकायत दर्ज कराई गई है एफ आई आर हुई है पुलिस की प्रेस कॉन्फ्रेंस अभी तक क्यों नहीं हुई अमर उजाला की लीड खबर है कि राम मंदिर की दान राशि में गबन के मामले में अब तक दो दशमलव नौ आठ करोड़ रुपए की रिकवरी की जा चुकी है। यह रकम पकड़े गए संदिग्धों की निशानदेही पर बरामद हुई है। अमर उजाला लिखता है कि गुपचुप ढंग से चल रही जांच में आठ करोड़ रुपये से अधिक के हेराफेरी के संकेत"
hi_news_011_0004.wav,hi,news,Ravish Kumar,angry,sad,true,,50.66,144,170.5,-23.02,-0.02,-4.8,-23.49,40.0,1863.3,0.259,"और साक्ष्य मिले हैं। हालांकि जांच पूरी होने के बाद यह राशि घट या बढ़ सकती है, अखबार लिखता है। क्या आपको कुछ संदेह नहीं हो रहा? आपके घर में अगर चोरी होगी, दो करोड़ का गहना लेकर पार हो जाएगा तो आप क्या करेंगे परिवार और पड़ोसी को लेकर जांच करेंगे या एफ आई आर करेंगे दो सौ करोड़ की लूट की खबर छप रही है तब भी मंदिर प्रशासन ने एफ आई आर क्यों नहीं कराया ट्रस्ट ने यू पी सरकार से एस आई टी बनाकर जांच की मांग क्यों की? एस आई टी बनाने की घोषणा हुई लेकिन बिना एफ आई आर के दोषियों को सजा कैसे दी जाएगी? दैनिक भास्कर ने लिखा है कि शुरुआती अनुमान है। शुरुआती कि दो सौ करोड़ की चोरी हो सकती है। नोटों की गिनती से जुड़े करीब पचास कर्मचारी संदेह के घेरे में हैं।"
hi_news_011_0015.wav,hi,news,Ravish Kumar,angry,intense_dramatic,true,,51.125,158,185.4,-22.98,0.02,-3.41,-23.61,39.5,1876.7,0.27,बाकी जगहों पर यही छपा कितने कर्मचारी हैं चढ़ावे की गिनती कैसे की जाती है चढ़ावे की राशि कितनी है जबकि उन्हें बताना चाहिए था कि चोरी की बात कितनी सही है और चोरी कैसे हो गई चढ़ावे की रकम गिनने वाले अगर पाँच साल में करोड़पति बन गए तो किसी की नज़र कैसे नहीं पड़ी? कहीं ऐसा तो नहीं कि इन कर्मचारियों को मोहरे की तरह इस्तेमाल किया जा रहा है? इनकी लूटी गई चढ़ावे की रकम में कुछ बड़े लोग भी हिस्सेदार हो सकते हैं। नौ जून को डॉक्टर रजनीश सिंह ने पी एम मोदी को पत्र लिखकर मांग की कि इस मामले में सी बी आई और ई डी की जांच होनी चाहिए। मगर पंद्रह जून हो गया अभी तक एफ आई आर नहीं हुई। सात जून को चंपत राय ने वीडियो बयान जारी किया। उसके बाद से अब तक मंदिर के ट्रस्ट ने एक भी प्रेस कॉन्फ्रेंस नहीं की है। क्यों नहीं की है?
hi_news_011_0019.wav,hi,news,Ravish Kumar,sad,intense_dramatic,true,,52.25,152,174.5,-22.99,0.01,-3.03,-23.84,39.9,1788.3,0.299,करोड़ों रुपये गायब हो गए। किसी को पता क्यों नहीं चला कि चढ़ावे में डाका पड़ रहा है। क्या चंपत राय को इस्तीफा नहीं दे देना चाहिए? राम मंदिर के मामले में वहां काम करने वाले लोग डकैती करते हुए पकड़े गए और इसकी कोई नैतिक जिम्मेदारी नहीं ले रहा। क्या राम की मर्यादा का इतना भी असर राम की राजनीति करने वालों पर नहीं है? कुछ दिन पहले चढ़ावे की गिनती करने वाली टीम में एक नया कर्मचारी शामिल हुआ। सात जून दो हज़ार छब्बीस को उसने नोटों की एक गड्डी छिपा ली। उसकी यह हरकत सीसीटीवी में रिकॉर्ड हुई। भास्कर ने लिखा है जब यह मामला सामने आया तो चंपत राय ने बाकी ट्रस्टियों को जानकारी नहीं दी। पुलिस में शिकायत भी दर्ज नहीं कराई। अगर यह बात सही है तो इसी आधार पर चंपत राय को नैतिक रूप से इस्तीफा देना चाहिए। सरकार क्या समझती है? ट्रस्ट के ऊपर
hi_news_011_0020.wav,hi,news,Ravish Kumar,sad,intense_dramatic,true,,53.635,158,176.8,-23.0,0.0,-1.61,-23.61,40.1,1716.4,0.267,ज़िम्मेदारी थी कि मंदिर का कामकाज संचालित करे दो सौ करोड़ की लूट हो जाए नोटों की गिनती में लगे कर्मचारी फॉर्च्यूनर कार में घूमे होटल बिज़नेस में पार्टनर बन जाए मौज करें और ट्रस्ट के लोग लीपापोती करें कि हम जांच कर रहे हैं एफ आई आर का नहीं होना एफ आई आर में कई दिनों की देरी संदेह को और गहरा बनाती है कि प्रभावशाली लोगों को बचाने का इंतजाम कर लिया गया होगा एक राजनीतिक दल को भरी दिल्ली में तोड़ा जाता है बीस बीस सांसदों को एक ऐसी पार्टी में विलय कराया जाता है जिनका अता पता किसी को नहीं मालूम और ये लोग चाहते हैं इन्हीं पर भरोसा करें कि ये जांच कर रहे हैं दो हज़ार इक्कीस का यह मामला आपको याद होगा बीजेपी के मेयर ऋषिकेश उपाध्याय के भतीजे दीप नारायण ने बीस लाख रुपए में जमीन खरीदी। उस जमीन को ढाई करोड़ में राम मंदिर ट्रस्ट को बेच दिया गया।
hi_poetry_012_0001.wav,hi,poetry,Nayab Midha,happy_excited,intense_dramatic,true,,57.26,151,158.2,-23.0,0.0,-3.98,-24.17,18.8,2735.4,0.121,"सोचो अगर वो काजल लगा ले एक दफा बस उलझे बाल सुलझा ले ये ज़माना अपना रुख ना बदल दे हर कोई उसके साथ ना चल दे ये हवाएँ रुक ना जाएँ उसे देखने को कहीं मैंने जब से देखा है मैं हूँ वहीं। उसे देखा है जब से, उसे देखा है जब से होश आने लगा है ज़माने का सारा खौफ़ जाने लगा है उसे कोई तोहफ़ा देने को जी चाहता है उसे कोई तोहफा देने को जी चाहता है मगर उसके लायक कुछ कहाँ आता है वो माथे पे बिंदी गालों पे रूज़ नहीं लगाती वो कानों को झुमके के तले नहीं दबाती उसे उड़ना पसंद है उसे उड़ना पसंद है सोचता हूँ उसको हवाएँ दे दूँ। उसके पंखों को दिल की सदाएँ दे दूँ फिर सोचता हूँ वो क्या करेगी मेरे इन फिज़ूल इशारों का। उसकी हंसी का तो अपना कारोबार है बहारों का उससे मेरी ज़रूरत नहीं।"
hi_cooking_013_0001.wav,hi,cooking,Kabita,calm_reverent,neutral,true,,51.67,172,199.7,-23.0,0.0,-2.03,-22.64,45.8,2194.1,0.23,"इसे बनाने के लिए सबसे पहले हम ग्राइंडिंग जार ले लेंगे और उसमें आधा कप भुना हुआ मूंगफली डाल देंगे। मूंगफली को दरदरा पीस लें ऐसे। ये देखिए। इसके बाद एक बड़ा बोल ले लें, उसमें डाल देंगे एक कप चावल का आटा, आधा कप सूजी या रवा डाल दें और एक चौथाई कप मैदा। मेजरमेंट आप ध्यान रखें इसके बाद यह भुना हुआ मूंगफली डाल देंगे जो हमने क्रश करके रखा था प्याज डाल दें साथ में हम इसमें तीन से चार हरी मिर्च कटी हुई दो इंच अदरक बारीक कटी हुई करी पत्ता धनिया पत्ता साथ में हम इसमें एक तिहाई छोटी चम्मच हींग डाल देंगे लाल मिर्च का पाउडर थोड़ा सा ऐड करें धनिया पाउडर और स्वाद के अनुसार नमक अब हम क्या करेंगे कि इन सबको ऐसे मिक्स करेंगे तो पहले सारे मसाले जो है वो चावल का आटा मैदा और सूजी में अच्छे से मिक्स कर दें और उसके बाद हम डालेंगे इसमें गरम तेल जी हाँ गरम तेल का इसमें बहुत ही स्पेशल रोल होता है"
hi_cooking_013_0002.wav,hi,cooking,Kabita,calm_reverent,neutral,true,,51.735,196,227.3,-24.49,-1.49,-1.0,-24.24,70.6,2105.4,0.234,"तीन से चार बड़े चम्मच तेल गरम कर लें और खौलता हुआ तेल आप इसमें ऐड कर दें। उससे क्या होता है कि ये जो वड़ा है वो क्रिस्पी बनता है, उसके क्रंचीनेस को और भी ये गरम तेल बढ़ाता है। तो गरम तेल आपको इसमें ज़रूर ऐड करना है। अब हम इसे अच्छे से मिक्स कर देंगे उसके बाद थोड़ा इंतजार करेंगे ताकि तेल जो है वो ठंडा हो जाए उसके बाद आप इसे हाथों से टच करके देखिए अगर ये सही है तो इसमें पानी डाल के हम इसे गूंथना शुरू करेंगे पानी जो है वो आपको थोड़ा थोड़ा करके ऐड करना है क्योंकि सूजी जो है वो पानी को एब्जॉर्ब करता है तो पानी जैसे आप ऐड करेंगे वैसे ही पूरा ड्राई हो जाएगा लेकिन अगर आपने एक बार में ज़्यादा पानी डाल दिया तो यह ओवर सॉफ्ट हो जाएगा जो हमें नहीं चाहिए। तो यहाँ पर पानी डालें और इसे ऐसे बांध के देखें। यह देखिए अभी भी यह ड्राई लग रहा है तो थोड़ा सा पानी मैं वापस ऐड करती हूँ। जैसे पराठे के लिए हम डो बनाते हैं ना वैसे ही हमें थोड़ा कड़क बनाना है इसे। यह देखिए। ऐसे।"
hi_speech_014_0001.wav,hi,speech,Vikas Sir,conversational_casual,intense_dramatic,true,,50.14,148,177.1,-23.0,0.0,-2.62,-23.6,48.1,1498.9,0.381,मैं सच्ची कहानियाँ सुनाना पसंद करता हूँ झूठ बोलने से बचता हूँ मैं आपको तीन चार छोटी छोटी कहानियाँ सुना रहा हूँ ये सारी कहानियाँ सच्ची हैं एक एक प्रतिशत सच्ची हैं पर मैं किसी का नाम नहीं लूँगा जिनकी कहानी है उनका नाम नहीं लूँगा उनकी प्राइवेसी का मामला है पर हाँ सच्ची कहानियाँ हैं अच्छी बात है कि इन कहानियों के किरदार हम लोग नहीं बने ईश्वर के लिए हम कभी ना बने लेकिन कहानियाँ सच्ची हैं जब मैं दिल्ली आया था उन्नीस सौ नब्बे में मैं हरियाणा के एक शहर से भिवानी से दिल्ली आया था पढ़ने के लिए मेरे ड्रीम कॉलेजेस में हंसराज भी था पर मेरा संयुक्त से मेरा एडमिशन ज़ाकिर हुसैन में हुआ मेरे अंक ठीक थे यहाँ हो सकता था पर मैं तो नई दिल्ली स्टेशन पर उतरा बाहर निकला पता लगा वहीं एक कॉलेज है वहीं एडमिशन ले लिया मैंने
hi_speech_014_0002.wav,hi,speech,Vikas Sir,conversational_casual,happy_excited,true,,51.34,178,208.0,-23.01,-0.01,-1.94,-23.51,57.4,1486.5,0.341,तो लोगों ने कहा कि यार कैंपस बड़ा अच्छा होता है मैंने कहा यार क्या फर्क पड़ता है कॉलेज कॉलेज होता है छंडो यही छंडो मैं सिखाने आया हूँ आप लोगों को ठीक है स्टेशन से निकलेंगे वही कॉलेज है मैंने घर जाना होगा तो आराम से कॉलेज से निकल जाएंगे क्या रखा है कैंपस में पर मेरा एक दोस्त जो मेरे साथ ही आया था उसी शहर से उसने एडमिशन हंसराज कॉलेज में लिया मैं और वो स्कूल के डिबेटर्स थे डिबेटिंग में हम लोग स्कूल टाइम से काफी एक्टिव थे डी यू में आए तो यहाँ भी एक्टिव रहे डी यू में मैंने करीब पाँच साल डिबेटिंग की और मेरा ख्याल है कि लगभग मतलब तीन चार सौ डिबेट्स मैंने जीती होंगी डी यू में कुछ हरी भी होंगी लेकिन मैंने खूब डिबेट वो मेरा दरअसल दाना पानी था रोजी रोटी मेरी वही थी कॉलेज के दिनों में। घर से पैसे मैं लेता नहीं था मिलते भी नहीं थे देना क्या था। मतलब ऐसी स्थिति भी नहीं थी उस समय मेरे घर में कि मिल सके।
hi_speech_014_0003.wav,hi,speech,Vikas Sir,conversational_casual,neutral,true,,49.46,145,175.9,-22.95,0.05,-2.3,-23.79,59.5,1593.3,0.402,"तो डिबेटिंग मेरा रोजगार था एम्प्लॉयमेंट था मेरा उससे काम चल जाता था आराम से उसका भी चल जाता था वो हंसराज से था मैं जैकिर हुसैन से था हम खूब डिबेट्स में मिलते थे अक्सर ट्रॉफी या तो हम जीतते थे या वो जीतता था कोई भी जीते रूम पे ही आती थी क्योंकि हम रूममेट्स थे एक साथ ही रहते थे वो मुझसे योग्यताओं के मामले में इक्कीस था बल्कि अगर वो इक्कीस था तो मैं पंद्रह ही रहा होऊंगा या बारह रहा होऊंगा बाईस या इक्कीस तो नहीं रहा होऊंगा मुझसे बेहतर था योग्यताओं में बड़ा अच्छा व्यक्ति था। ग्रेजुएशन के बाद मैंने एम ए हिंदी साहित्य में एडमिशन लिया जबकि बी ए ऑनर हिस्ट्री में किया था मैंने। उसने तय किया कि वो कुछ और करेगा, प्रोफेशनल कोर्स करेगा, नौकरी करेगा। तो वो चला गया दिल्ली से। मैं दिल्ली में रहा।"
hi_speech_014_0005.wav,hi,speech,Vikas Sir,sad,intense_dramatic,true,,50.06,128,153.4,-22.95,0.05,-2.62,-24.1,62.6,1658.8,0.423,और जिस व्यक्ति के बारे में मेरी राय ये थी कि उतना जीवट वाला व्यक्ति कोई हो नहीं सकता जो ज़िंदगी से हार सकता ही नहीं जिसके होने से कई लोग हमेशा जीता हुआ महसूस करते हैं वो चुपचाप एक बंद कमरे में ज़िंदगी से हार गया मैं आज तक नहीं समझ पाया कि ऐसा कैसे हुआ बाद में टटोला उसके पेरेंट्स से बात हुई भाई से बात हुई उन्होंने उसकी याद में एक सोशल वर्क शुरू किया ताकि किसी और बच्चे को ऐसा ना करना पड़े तो जो हल्का हल्का अनुमान हुआ वो ये है कि शायद कुछ ऐसा था रिलेशनशिप में जो नहीं संभल पाया था और रिश्ता टूट ना जाए इसका दबाव बहुत ज़्यादा था और वो दबाव झेल नहीं पाया इस उम्र में ऐसा
hi_speech_014_0008.wav,hi,speech,Vikas Sir,calm_reverent,neutral,true,,52.95,127,143.9,-22.97,0.03,-3.72,-24.24,70.2,1852.3,0.47,एकदम जीवन से भरे हुए बच्चे आँखों में चमक ऐसे फिर दोनों की शादी हुई तो मैं शादी में जा नहीं पाया क्योंकि मेरा रिश्ता सिर्फ लाइब्रेरी में एक घंटा गप मारने वाला था उससे ज़्यादा था नहीं रिश्ता उनके साथ फिर सुनता रहता था कि मैं सब बढ़िया चल रहे पढ़ाई कर रहे हैं तैयारी कर रहे हैं इंटरकास्ट मैरिज की उन लोगों ने खूब हंगामा हुआ दोनों घर में तलवारें खींच गईं किसी तरह से तलवारें संभाली गईं मैनेज हुआ दोनों साथ रहने लगे और फिर तीन चार साल के बाद एक दिन मैंने खबर सुनी कि उस बच्ची ने फंदा लगा के जीवन लीला समाप्त कर ली यह बात भी दिल्ली विश्वविद्यालय की है उस दौर के सब लोग इस कहानी को जानते हैं
hi_speech_014_0015.wav,hi,speech,Vikas Sir,sad,angry,true,,47.08,120,152.9,-22.99,0.01,-1.47,-24.01,61.0,1757.4,0.426,उस बच्चे की गलती सिर्फ इतनी थी कि उसने अपने दोस्त पर भरोसा किया जो भरोसे के लायक था नहीं वो नीच किस्म का व्यक्ति था जिसने उस संबंध की गरिमा को समझा नहीं उस बच्ची के घर के बाहर चौबीसों घंटे न्यूज़ चैनल से कैमरे खड़े रहे घर से कोई भी निकले पचास कैमरे पीछे आप बताइए आपकी बेटी कैसी है आप बताइए आपकी बहन कैसी है अंत में उस पिता ने अपनी बच्ची को उस देश से बाहर भेज दिया। उसके कुछ दिन बाद की जो खबर टी वी चैनल से नहीं दिखाई। उसके पिता ने आत्महत्या कर ली। यह तीसरा इंसिडेंस है। यह सारी खबरें सच्ची बता रहा हूं मैं में से एक भी झूठ नहीं है।
hi_speech_014_0020.wav,hi,speech,Vikas Sir,sad,calm_reverent,true,,51.72,111,128.8,-23.0,0.0,-2.98,-24.38,44.4,1563.0,0.494,वो भाई साहब आज तक अकेले हैं और अब तो बाज़ार में मूल्य भी कम हो गया उनका अब विकल्प भी ज़्यादा नहीं मिलते हैं अब जो विकल्प मिल रहे हैं वहाँ उसकी रुचि और कम हो गई है तो पूरी संभावना है कि वो जीवन अकेले ही गुजरेगा उसका एक अंतिम एग्जांपल देके फिर मैं निष्कर्ष की तरफ़ बढ़ूँगा मैं एक आईएएस ऑफिसर को जानता हूँ दो आईपीएस को जानता हूँ बहुत योग्य लोग देश के सबसे अच्छे संस्थाओं से पढ़े हुए लोग प्रॉपर आईएएस प्रॉपर आईपीएस में नौकरी करने वाले लोग और इन तीनों ने अपना जीवन समाप्त कर लिया नौकरी में रहते हुए क्यों क्योंकि नौकरी और घरेलू
hi_standup_015_0001.wav,hi,standup,Ravi Gupta,happy_excited,conversational_casual,true,,53.69,182,203.4,-23.0,0.0,-6.32,-23.2,32.0,1711.0,0.279,भाई मेरा बहुत थोड़ा सा ठीक नटखट है और दिल्ली जब आया मैं तो मैंने एक चीज़ देखी कि मेट्रो बहुत बढ़िया चीज़ चल रही है यहाँ पे दरवाजे अपने आप बंद हो रहे हैं दरवाजे जो आदमी रिक्शा पर कभी नहीं बैठा हो मेट्रो पर भी आसानी से नहीं बैठ सकता था क्योंकि मुझे बाद में पता चला कि टिकट वगैरह लेनी पड़ती है एक तो मेरे को मेट्रो देखने के लिए पटरी से मैं जा रहा था तो उन्होंने वहां रोक दिया कि आप स्टेशन से आओ सीढ़ी से या लिफ्ट लगी है आप सीधा पट रि मेट्रो देखने के लिए नहीं आ सकते वो चीज़ मुझे थोड़ा ठीक नहीं लगता था क्योंकि इनका अप्रोच बहुत ही जो गाँव से लोग आए हैं उनको लेके ये है कि पीली रेखा के पीछे खड़े रहो रूल्स फॉलो करो मैं क्यों नहीं जाता लेडीज़ के डब्बे में क्यों नहीं जा सकता क्यों नहीं जा सकता लेडीज वाल लड़कियाँ भी तो हमारे उसमें आ जाती हैं हमारे डब्बे में बैठ जाती हैं एक बार मेट्रो में आपका हाथ ही फँस गया था एक
hi_standup_015_0004.wav,hi,standup,Ravi Gupta,happy_excited,intense_dramatic,true,,53.255,169,190.4,-23.0,0.0,-3.96,-23.12,29.6,1980.1,0.196,"कहीं और जा रहे थे पर ये लेह लद्दाख तो लेह लद्दाख चले गए लेह लद्दाख पहुँच गए सांस्कार वैली और वहाँ पर जो चीज़ें चल रही हैं और चूँकि मैं समझ पाता हूँ कि मैंने इतने शक्तिमान देखते थे, कॉमिक्स पढ़ते थे, थोड़ा साहित्य पढ़ा, बालहंस पढ़ी, चंपक पढ़ी, तो उससे शब्दावली आ जाती है, क्रिएटिव एक वो चीज़ आ जाती है कि हर चीज़ तुम तूफ़ानी देख रहे हो। हाँ कि मैं जा रहा हूँ पर मैं निकल चुका था धरती के उस छोर से हॉलीवुड फिल्मों की जो हिंदी होती है आप देखो ये सारी चीजें मैं एग्जैक्ट नहीं बोल सकता कि वो कहाँ है पर वो सिर्फ कच्चा पक्का माल इकट्ठा हो के यहाँ पे आ गया है और वो जो मुझे और वो क्रैक हो गया एक्चुअली मैं बहुत सारी चीजें पहले भी करता था। मैंने कम से कम बीसों तरीके की वीडियोस बनाए हैं अलग अलग। अच्छा। कि मैं पहले खाना बनाता था कभी, कभी मैं कोई कैरेक्टर प्ले करता था, कभी मैं"
hi_standup_015_0006.wav,hi,standup,Ravi Gupta,happy_excited,neutral,true,,52.03,169,194.9,-23.0,0.0,-5.28,-23.11,30.1,1894.8,0.208,मैं और वो साथ में ट्रेवल करते हैं बहुत ज़्यादा इसलिए क्योंकि हम लोग की एक वाइब सेम है और दूसरी वो जो है ना वो भी बहुत कि रवि ये विचार आ रहा है इसको देख के इसको ये कर लें क्या हो सकता है मेरी एनर्जी डाउन हो उसकी एनर्जी बहुत ज़्यादा रहती है तो कई बार उसके आइडियाज़ होते हैं ये हालांकि मैं हेल्प नहीं लेना चाहता मेरे अंदर एक आर्टिस्ट वाला एक वो है कि ये मैं अपने ओन पे करना चाहता हूँ इसमें मेरा पूरा पूरा वो हो इट्स नॉट लाइक कि क्रेडिट वाली बात है इट्स लाइक कि मैं खुद करना चाहता हूँ मैं चाहता हूँ क्योंकि अगर वो नहीं रहा कभी मतलब क्योंकि वो उसकी लाइफस्टाइल जो है वो ज्यादा दिन रहेगा भी नहीं। लेकिन कि मैं तो हेल्दी हूँ ना तो मैं लंबा अगर जी रहा हूँ तो मैं अपने तरीके से करना चाहता हूँ। हम दोनों का क्रिएटिव थॉट सेम हो जाता है कभी वो सजेस्ट करता है कभी कुछ।
hi_standup_015_0009.wav,hi,standup,Ravi Gupta,happy_excited,conversational_casual,true,,53.19,136,153.4,-23.0,0.0,-2.17,-23.61,31.5,1836.4,0.325,तो है मतलब मेरे को पैसे का है कि भाई पैसे दो कुछ भी करवा लो और कई बार कुछ भी करवाने लग जाते हैं लोग पर पैसे ज़्यादा देते हैं तो मैं मन भी नहीं करता करो भाई मेरा ही है भाई सिंपल पर फिर भी पैसों पे मेरी बात रहेगी कि जी कि आप वाइफ के साथ घूमने जा सकते हो कि नहीं जी नहीं मैं अकेले घूमना पसंद करता हूँ जैसे मैं हम दोनों जाते हैं घूमने ऐसा बात नहीं है जैसे मैं कैसे मैं अगर जा रहा हूँ हैमस्टनबर्ग तो वाइफ को भेज देता हूँ मैं झारखंड जामताला क्योंकि उनको भी घूमने का मन है और हम लोग का तो हम लोग को घूम भी लेते हैं और हम लोग का पैसे भी बचे रहते हैं मेरे को जैसे आज जाना है
hi_standup_015_0011.wav,hi,standup,Ravi Gupta,happy_excited,conversational_casual,true,,53.34,178,200.2,-22.99,0.01,-4.3,-23.38,31.4,1709.6,0.297,पहले दिन से लगा जिस दिन मैंने पहले दिन ऑफिस जॉइन किया और उन्होंने बोला कि अब ये काम करना होगा वहीं मेरा मूड सटक गया कि अब मैं काम करूंगा इनके लिए पैसे वो लोग देते थे हर महीने बट मेरी नज़र घड़ी पर रहती थी कि छ बजे आठ बजे मैं कम निकलूँ और रिपोर्ट ले रहे थे मुझसे मेरे समय माँ बाप ने आज तक रिपोर्ट नहीं लिया है कि क्या काम हुआ कि नहीं क्योंकि मैं सुला देता था उनको रात में दस बजे के बाद यही दिक्कत है कि कुछ ठीक नहीं हुआ क्योंकि माँ बाप के हिसाब से सुबह उठ जाओ सात बजे सब ठीक हो जाता है नहा लो नहा लो नहाने को इतना समाज ने वो कर दिया है पानी पता है कहाँ कहाँ पानी कहाँ कहाँ चला जा रहा है। हैं? अब बताओ जिससे सब्जी बननी थी उससे मेरा शरीर धुल रहा है। मैं तो यही वो सारा पानी निकाल के मैं दे दे कि सब्जी बनाऊँ चावल भिगो दो उसी में। पता नहीं चलता था उन लोगों को।
hi_dramatic_016_0001.wav,hi,dramatic,Unknown Narrator,conversational_casual,neutral,true,,55.455,166,179.6,-22.99,0.01,-6.75,-22.86,48.6,1772.5,0.242,"दोस्तों आज हम पढ़ेंगे बात अठन्नी की, पूरी कहानी आपको सुनाऊंगा। अठन्नी होती है पचास पैसा, कुछ इस तरह का होता है। अब कहानी का नाम बात अठन्नी की क्यों है यह आपको कुछ देर में पता लग जाएगा। तो कहानी शुरू होती है रसीला नाम के एक नौकर से। रसीला इंजीनियर बाबू जगत सिंह के यहाँ पे नौकर था और रसीला को दस रुपये तनख्वाह मिलती थी गाँव में रसीला के बूढ़े पिता पत्नी एक लड़की और दो लड़के थे पूरा परिवार गाँव में रहता था और रसीला शहर में जगत सिंह के यहाँ पे नौकरी करता था पूरे परिवार का बोझ रसीला के कंधों पर था रसीला अपनी सारी तनख्वाह गांव में भेज दिया करता था पर फिर भी घर वालों का गुज़ारा ना हो पाता उसने इंजीनियर साहब से तनख्वाह बढ़ाने के लिए बार बार प्रार्थना की पर इंजीनियर साहब जगत सिंह यह कह के टाल दिया करते थे कि अगर तुम्हें कहीं और ज़्यादा पैसा मिल रहा है तो ज़रूर चले जाओ"
hi_dramatic_016_0002.wav,hi,dramatic,Unknown Narrator,angry,intense_dramatic,true,,54.08,179,198.6,-23.02,-0.02,-7.12,-23.01,49.7,1805.7,0.235,मैं तनख्वाह नहीं बढ़ाऊँगा तुम्हें बढ़िया पैसा मिल रहा है इससे ज़्यादा पैसा मिल रहा है तो वहाँ पर चले जाओ मैं नहीं बढ़ाने वाला तुम्हारी तनख्वाह इस तरह से कह के टाल दिया करते थे रसीला यह सोचता था कि यहाँ पर इतने सालों से नौकरी कर रहा हूँ अमीर लोग वैसे भी नौकरों पर विश्वास नहीं करते पर मुझ पर अभी तक यहाँ पर किसी ने भी कोई शक नहीं किया मैं जब से यहाँ पर आया हूँ किसी ने मुझ पर कोई शक नहीं किया यहाँ से नौकरी छोड़कर अगर कहीं और चला गया तो शायद वो मुझे दस रुपये से बढ़ा के ग्यारह या बारह रुपये दे दें लेकिन जो सम्मान जो इज्जत मुझे यहाँ पर मिल रही है ना शायद कहीं और ना मिले ठीक है दोस्तों रसीला इंजीनियर जगत सिंह के यहाँ पर इसलिए रुका हुआ है कम सैलरी में भी क्योंकि उसे ऐसा लगता है कि यहाँ पर उसको इज्जत मिल रही है अगर वो कहीं और जाएगा तो शायद एक दो रुपया उसको ज़्यादा मिल जाए लेकिन ये इज्जत ना मिले
hi_dramatic_016_0003.wav,hi,dramatic,Unknown Narrator,neutral,conversational_casual,true,,52.855,149,169.1,-22.97,0.03,-6.81,-23.1,48.5,1854.3,0.275,तो इसलिए वो जगत सिंह के पास में ही रहता है दोस्तों अब कहानी में एक और चरित्र यानी कैरेक्टर आएगा जिसका नाम है शेख सलीमुद्दीन शेख सलीमुद्दीन ज़िला मैजिस्ट्रेट है और ये इंजीनियर जगत सिंह के पास में ही रहता है उसका पड़ोसी है शेख सलीमुद्दीन का नौकर है रमज़ान रमज़ान एक चौकीदार है रमज़ान और रसीला आपस में ना बहुत अच्छे दोस्त हैं रमज़ान और रसीला दोनों घंटों बैठ के बातें करते थे शेख साहब ना फलों के बहुत शौकीन थे उन्हें फल खाना बहुत पसंद था तो रमज़ान रसीला को फल देता था दूसरी तरफ इंजीनियर साहब को मिठाई का बड़ा शौक था मिठाई बड़े शौक से खाते थे। तो रसीला रमज़ान को मिठाई देता था। समझ में आ रहा है? रसीला रमज़ान को मिठाई देता था क्योंकि इंजीनियर बाबू मिठाई खाते थे और रमज़ान रसीला को फल देता था क्योंकि शेख साहब फल खाते थे।
hi_dramatic_016_0006.wav,hi,dramatic,Unknown Narrator,neutral,conversational_casual,true,,50.415,154,183.3,-23.03,-0.03,-6.71,-23.2,48.4,1824.0,0.273,पैसे मिलने से रसीला के बच्चे स्वस्थ हो गए उन्होंने इलाज करवा लिया पैसों से और उसने रमज़ान का कर्ज़ भी चुका दिया केवल आठ आने बाकी रह गए थे दोस्तों पहले ज़माने में ना आने चलते थे जैसे आज के ज़माने में तो रुपया है लेकिन पहले ज़माने में ना रुपए से छोटा होता था आना आपके घर में जो बड़े हैं उन्हें पता होगा तो आठ आने रह गए रमज़ान के हालांकि रमज़ान ने कभी भी पैसे नहीं मांगे लेकिन फिर भी रसीला उसके आगे ना आँख नहीं उठा पाता था उसने कर्ज़ लिया था उसको कर्ज़ वापस देना था तो उसको बहुत शर्मिंदगी होती थी शर्म आती थी एक दिन की बात है बाबू जगत सिंह ना अपने कमरे में बात कर रहे थे किसी से। रसीला ने कान लगा के सुना कि इंजीनियर बाबू कह रहे हैं बस पांच सौ। इतनी सी रकम देकर आप मेरा अपमान कर रहे हैं?
hi_dramatic_016_0008.wav,hi,dramatic,Unknown Narrator,intense_dramatic,conversational_casual,true,,50.635,159,188.4,-22.99,0.01,-6.41,-23.02,48.0,1647.1,0.247,आज भी एक शिकार फसा रखा है उन्होंने मतलब आज भी कोई आया हुआ है रिश्वत देने हज़ार रुपये से कम रिश्वत तय ना होगी भैया गुनाह करने का फल मिलेगा या ना मिलेगा ये तो भगवान जाने पर ऐसी ही रिश्वत की कमाई से ये लोग कोठियों में रहते हैं कोठियों में और एक हम लोग हैं जो इतनी मेहनत करने के बाद भी हमारे हाथ में कुछ नहीं रहता रसीला सोचता रहा रमज़ान की बातें सुनके फिर कहता है कि मेरे हाथों से ना सैकड़ों रुपए निकल गए हैं पर धर्म ना बिगड़ा धर्म ना बिगाड़ा मैंने पैसों को देख के एक एक आना भी अगर मैं उड़ा देता उस रकम में से तो काफ़ी बड़ी रकम हो जाती मतलब जो पैसा मुझे इंजीनियर बाबू देते थे जमा कराने के लिए या किसी को देने के लिए या कहीं पर रखने के लिए उस पैसे में से अगर मैं थोड़ा सा एक आना भी निकाल देता ना
en_poetry_017_0001.wav,en,poetry,Harshita Garge,sad,intense_dramatic,true,,51.885,135,156.1,-22.99,0.01,-9.11,-23.43,62.5,1254.3,0.373,"The dawn was here. The dawn was here, sun was shining so bright and fair. The dawn was here, sun was shining so bright and fair. I was lying on my bed motionlessly, crouched myself staring at the ceiling. and finally the dawn broke outside, but here I am wondering why am I shivering and shaking from inside. Suddenly, suddenly I heard a knock. knock knock knock. Someone someone was there on the door knock knock knock I I tried to recollect myself I went to the door. I tried to go to the door. I stand. I stand, I walk, I fall. I stand, I walk, I fall. I thought that's all. No, no, I gathered all the courage to stand up. Went to the door. I opened the door. It was my mummy."
en_poetry_017_0004.wav,en,poetry,Harshita Garge,sad,intense_dramatic,true,,52.63,165,188.1,-22.99,0.01,-9.67,-23.18,58.9,1180.2,0.326,"even slept after that incident. I wish we could cut him off, cut him off, rip his head off. I might sound crazy and insane, but there's a hell lot of thing going on in my brain. you know, you know, he digged my initials. He scratched my surface, he scratched my skin. Was it my mistake or have I committed a sin? You see, I have a slight gap between my front two teeth. Can you see? You told me that's the sign of good luck. You told me having a diastema brings good luck. My forehead is slightly wider. You told me that's the sign of good luck. The second finger of my foot is slightly bigger than the first one. You told me that's a sign of being lucky. You told me you're lucky. You told me you're lucky. You told me you're lucky. You're lucky. You're lucky. You're lucky. Stop it. Do you think I am lucky? Do you really think?"
hi_speech_019_0001.wav,hi,speech,Sudhanshu Trivedi,formal,neutral,true,,51.225,110,128.8,-22.99,0.01,-8.25,-24.01,39.5,2219.9,0.327,"और मैं कर्मभूमि से आया हुआ हूँ उत्तर प्रदेश से। परंतु अधिक सुखद अनुभूति क्यों होती है? हिंदी में पहला जो खड़ी बोली हिंदी का ग्रंथ लिखा गया, वो स्वामी दयानंद सरस्वती जी के द्वारा लिखा गया सत्यार्थ प्रकाश माना जाता है, जो इसी गुजरात की धरती से थे। हिंदी भारत की भाषा होनी चाहिए यह विचार प्रतिपादित करने वाले महात्मा गांधी इसी धरती के थे लोकमान्य तिलक महाराष्ट्र से थे कन्हैयालाल माणिकलाल मुंशी जी भी गुजरात से थे श्यामा प्रसाद मुखर्जी जी बंगाल से थे गोपाल स्वामी अयंगर जी तमिलनाडु से थे। और विरोध करने वाले एक पंडित जी उत्तर प्रदेश से थे। अन्यथा वह समस्या कभी पहले ही..."
hi_speech_019_0002.wav,hi,speech,Sudhanshu Trivedi,formal,neutral,true,,51.695,152,176.4,-23.01,-0.01,-7.72,-23.65,40.0,2291.2,0.288,बेहतर ढंग से समाधान हो जाता और सिर्फ हिंदी का विषय नहीं है समस्त भारतीय भाषाओं में के अंदर जो स्व का तत्व है जिसका कि अभी उल्लेख मोहन जी कर रहे थे उन्होंने एक विषय कहा कि हमारे यहाँ युद्ध का भी स्वरूप क्या होता था जो उन्होंने महाभारत का उल्लेख किया तो मैं इस भाषा के विषय से ही उसका एक संबंध स्थापित करने का प्रयास करता हूँ जो मैंने पहले एक बार भी बोला था भाषा हमारे मन में क्या विचार लाती है और हमारे स्व से कैसे दूर ले जाती है और वह स्व हमारा भाषाओं के माध्यम से कैसे स्थापित होता है जैसे अभी उन्होंने युद्ध का वर्णन किया आप सब ने वह कहावत सुनी होगी एवरीथिंग इज फेयर इन लव एंड वॉर और इसका यदि हिंदी में ट्रांसलेशन हो या भारतीय भाषा में ट्रांसलेशन हो तो कहते हैं जंग और इश्क में सब कुछ जायज है।
hi_dramatic_018_0001.wav,hi,dramatic,Shubham Shyam,intense_dramatic,neutral,true,,55.465,177,191.5,-24.39,-1.39,-1.0,-24.58,24.4,2271.5,0.263,"न नर में कोई राम बचा नारी में न कोई सीता है न नर में कोई राम बचा नारी में न कोई सीता है ना धरा बचाने के खातिर विष कोई शंकर पीता है ना श्री कृष्ण सा धर्म धर्म का किसी में ज्ञान बचा है ना श्री कृष्ण सा धर्म अधर्म का किसी में ज्ञान बचा है, ना हरिश्चंद्र सा सत्य किसी के अंदर रचा बसा है। ना गौतम बुद्ध सा धैर्य बचा, ना नानक जी सा परम त्याग। ना गौतम बुद्ध सा धैर्य बचा, ना नानक जी सा परम त्याग, बस नाच रही है नर के भीतर प्रतिशोध की कुटले आग, फिर बोलो कि उस स्वर्णिम युग का क्या अंश बाकी तुम में। फिर बोलो कि उस स्वर्णिम युग का क्या अंश बाकी तुम में कि किसकी धुनी में रमकर तुम फूले नहीं समाते हो तुम स्वयं को श्रेष्ठ बताते हो कि तुम भीष्म पितामह की भांति अपनी ही जिद पर अड़े रहे तुम भीष्म पितामह की भांति अपने ही जिद पर अड़े रहे तुम अपने धर्म को श्रेष्ठ बता दुर्योधन के संग खड़े रहे।"
