clip_filename,language,genre,speaker_name,source_index,video_id,source_channel,source_url,clip_start_time_s,clip_end_time_s,duration_s,transcript,primary_emotion,secondary_emotion,approved,reviewed,qc_flags
en_news_000_0001.wav,en,news,Arnab Goswami,0,1IfFxHvoFwU,Republic World,https://youtu.be/1IfFxHvoFwU,0.01,52.82,52.445,"Tonight there's an image that's going viral and that is from the G7 summit happening in the French Alps and what is that one image? It is the image of a long and warm conversation between Donald Trump and Prime Minister Narendra Modi. That is the image. When Narendra Modi enters the room and Donald Trump stands up, shakes hands, and then they are talking hand in hand for a long time. This is happening in the G7 summit in Evian. And I want to tell you right at the start why this one handshake carries far more weight than the photograph in front of you suggests. Because if you see the positioning, you see the importance. in the global arena of Prime Minister Narendra Modi and India and we should all feel extremely proud of that.",,,,false,
en_news_000_0002.wav,en,news,Arnab Goswami,0,1IfFxHvoFwU,Republic World,https://youtu.be/1IfFxHvoFwU,52.82,105.725,52.345,"If you see the official picture that is taken and that itself is power play of a different kind and I would like to show those pictures when the official picture is taken in Avian, France where the G7 meeting is happening. You see Donald Trump come out for the official photograph and then he walks down the blue carpet. and then he has a conversation with Macron and there you see the British Prime Minister and eventually all the world leaders they gather for the official photograph And as they come out on the lawns for that official photograph, you shall see President Macron, the host in the middle, with Narendra Modi to his left and Donald Trump to his right. Narendra Modi is on his left, Donald Trump is on his right.",,,,false,
en_news_000_0003.wav,en,news,Arnab Goswami,0,1IfFxHvoFwU,Republic World,https://youtu.be/1IfFxHvoFwU,105.725,158.59,52.185,"And that picture, ladies and gentlemen, tells the story of India's significance in the global arena. This is the most powerful set of global leaders who are meeting together, and India there is right there on top. And here is my message from that picture. It is a message to everyone who said, oh, India is wilting under American pressure. That picture tells the story of a country that has held its own and is respected globally. This meeting is happening at a time when the whole world knows how India has held its ground in geopolitics and global economics. We have not only held our ground We have kept our strategic options open and most importantly, this meeting is happening ahead of Russian President Vladimir Putin's visit to India in September.",,,,false,
en_news_000_0004.wav,en,news,Arnab Goswami,0,1IfFxHvoFwU,Republic World,https://youtu.be/1IfFxHvoFwU,158.59,210.7,51.5,"And this is the first Modi Trump handshake in sixteen months. So when you see that picture of Prime Minister Narendra Modi talking there to Putin, Prime Minister Narendra Modi engaging directly with Donald Trump, Viewers, remember India has twelve bilateral meetings on the sidelines of the G7. This is a very important meeting tomorrow. It is the first handshake between Modi and Trump in sixteen months. It's been tense. These have been sixteen months of negotiations, sixteen months of pressure. But at the end of sixteen months, a lot of respect that Donald Trump has there for Narendra Modi. This is the first handshake after India declined Trump's offer to mediate. It is the first handshake after all the pressure on tariffs.",,,,false,
en_news_001_0001.wav,en,news,Arnab Goswami,1,Rz7G5TVS5Rk,Republic World,https://youtu.be/Rz7G5TVS5Rk,0.01,53.27,53.045,"My view is that Trump has won nothing. Trump has got nothing, he's ending up looking even more foolish than he did when he started this war and we got himself into a log jam. He got into quicksand, he wanted an off-ramp, he wanted to get out of the situation, he couldn't. And now he says that the war is over. Only on Republic Tonight I am asking what has America actually got? What did Trump actually get for America? Actually very little. Some kind of a temporary pause. a sixty day window for negotiations, a sixty day negotiating window for the bigger issues. Not a solution, not an end to the war. Hormuz has been reopened, very good for all of us, but America has got nothing. he's only got some verbal Iranian promises.",,,,false,
en_news_001_0002.wav,en,news,Arnab Goswami,1,Rz7G5TVS5Rk,Republic World,https://youtu.be/Rz7G5TVS5Rk,53.27,105.32,51.3,"There are talks which may deliver nothing going forward. The point is, ladies and gentlemen, that there is no comprehensive peace treaty at all. There is no comprehensive agreement at all. All the controversial issues like the nuclear issue, other issues have been kicked down the road. Trump controls nothing. Netanyahu doesn't listen to him. He abuses Netanyahu. He uses the F word to describe Netanyahu. This so-called de-escalation is not really one. fact is America has had to slow down on its own nuclear demand. And there's been a huge dent to Trump's popularity and MAGA base. Trump realized that he needed an off-ramp. He was trying to do",,,,false,
en_news_001_0003.wav,en,news,Arnab Goswami,1,Rz7G5TVS5Rk,Republic World,https://youtu.be/Rz7G5TVS5Rk,105.32,157.565,51.855,"some kind of a daily escalation of hostilities. At some point of time, facing major loss of face and economic costs with the dollar weakening, with inflation peaking across with Israel, his evergreen friend, emerging as a big loser, he had to agree to a situation where he signs a deal to which Israel is not even a party. Israel wanted a permanent end to Iran's nuclear program and the destruction of the Hezbollah. It has not got that. Israel in fact has been sidelined in the eventual big deal. Iran, ladies and gentlemen, It's been one hundred and seven days since the war began, forty days of an exchange of fire, sixty days of relative peace, less fire.",,,,false,
en_news_001_0004.wav,en,news,Arnab Goswami,1,Rz7G5TVS5Rk,Republic World,https://youtu.be/Rz7G5TVS5Rk,157.565,210.175,52.545,"sixty-one days of a US naval blockade, fifty-five billion in terms of the cost of war on American taxpayers, and ladies and gentlemen, three thousand one hundred and sixty-five attacks launched. by America and Israel were also responded to by six thousand retaliatory strikes by Iran on Gulf states. Ladies and gentlemen, this is not peace to strength. This is a clear case of Trump chickening off. Trump has realized that he needs to chicken out. He needs to get out of this. He's going to lose the midterms otherwise. things are bad in America and hence therefore Trump has chickened out. This is taco at its finest. Trump gets the exit he has been gunning for for weeks. Everything right now",,,,false,
en_news_001_0005.wav,en,news,Arnab Goswami,1,Rz7G5TVS5Rk,Republic World,https://youtu.be/Rz7G5TVS5Rk,210.175,262.52,51.99,"is just positioning. Remember as you're watching this tonight, where the hell Donald Trump is the regime change you promised. The real reason, the fundamental reason, the two most important reasons. I'm going to get a written commitment from Iran that they're going to stop all nuclear weapons, they're going to destroy all the nuclear weapons. It's going to be down to zero, they have not got that. Everything else is English. they will use English to say no further expansion, no further threats, no strong perusal of the nuclear program. That Donald Trump is English. It's your exit strategy, it's not reality. Secondly, ladies and gentlemen, the war has landed Trump into such a law of diminishing returns that he has chickened out he has burnt his fingers. He's realized that if this goes on any longer.",,,,false,
en_news_001_0006.wav,en,news,Arnab Goswami,1,Rz7G5TVS5Rk,Republic World,https://youtu.be/Rz7G5TVS5Rk,262.52,314.875,52.025,"then he will lose his position and therefore he is trying to turn a sixty day negotiating period into an agreement for peace. Ladies and gentlemen, this last hundred days has made it clear that America is unprepared to pay the price required to seal a real war. America threatens it cannot win a war. Iran's so-called commitment that it will not pursue nuclear weapons, halt further uranium enrichment, freeze expansion of nuclear facilities does not mean and undoing of the nuclear facilities on uranium that they've already enriched or what they're holding on to. It's a status quo position. It is not therefore a reversal. But the most important point. There has been no",,,,false,
en_news_001_0007.wav,en,news,Arnab Goswami,1,Rz7G5TVS5Rk,Republic World,https://youtu.be/Rz7G5TVS5Rk,314.875,366.295,51.365,"regime change at all executed in Iran. And if after eliminating their entire top leadership, if after thousands of strikes, if after threatening the people and killing innocence, brutalizing students, If after all of this, America is unable to effect regime change, every single morning the people of America should wake up and tell Donald Trump, you failed. There is no regime change. And if there was to be no regime change, then what was this war all about? Ladies and gentlemen, it's for the people of America to think. Their PR machineries will say something else. The people of America should wake up and ask Donald Trump, you promised regime change, have you got regime change? The answer is, he's killed one leader. but not change the regime.",,,,false,
en_speech_002_0001.wav,en,speech,Anand Mahindra,2,6uUblznfrsk,English Speeches,https://youtu.be/6uUblznfrsk,0.01,53.375,53.29,"if everyone's problems were like laundry, hanging out to dry in an open field and you had the opportunity to go out into that field and exchange your laundry your problems, in other words, with anyone else's, you would still choose your own problems. I'm I'm not the usual suspect class day speaker for sure. I come from another profession, the often undiplomatic world of commerce. I come from halfway around the world, I'm not an alumnus. When I asked Dean Kite, she said the reasons for which they invited me were in fact all of the above. But I'm not here to try and dispense any unique wisdom. as the proverbial schoolgirl wrote. Socrates was a wise Greek philosopher and he went around dispensing",,,,false,
en_speech_002_0002.wav,en,speech,Anand Mahindra,2,6uUblznfrsk,English Speeches,https://youtu.be/6uUblznfrsk,53.375,105.705,51.925,"gratuitous advice. And they poisoned him. So I deeply fear that fate. So what I will do is to just throw some ideas at you. based on my own life experience and my own world that I hope will be relevant to any profession and to every life. Now picture if you will the world in nineteen forty six when my father stood here. Second World War had just ended. Independence for India was just round the corner as Rachel mentioned. The beginning of the end of colonialism was in sight. And details of the full extent of the death and the destruction and the horrors of the Holocaust of Hiroshima and Nagasaki, they were just emerging. The problems of peace were every bit as convoluted as the problems of war.",,,,false,
en_speech_002_0003.wav,en,speech,Anand Mahindra,2,6uUblznfrsk,English Speeches,https://youtu.be/6uUblznfrsk,105.705,157.04,50.645,"And to my father in nineteen forty-six, the world must have looked hopeful, but immensely complicated. And yet I wonder what my father would say about the world as we see it today. We are wrestling with climate change, pandemics, terrorism, energy crises, social inequities, to name just a few. And because of their trans-border impact, these issues too now fall within the ambit of diplomacy, of international affairs, of international law. And what would my father have made of the impact of technology? In many cowboy movies, the appearance of the hero or villain is often preceded by his shadow. We now have a new cowboy in town, heralded by a lengthening shadow.",,,,false,
en_speech_002_0004.wav,en,speech,Anand Mahindra,2,6uUblznfrsk,English Speeches,https://youtu.be/6uUblznfrsk,157.04,207.915,49.915,"the shadow of the metaverse. Entrepreneurs are buying up real estate on it. Countries are opening up virtual embassies in it. And through the metaverse, we can live not just a virtual second life, but also a parallel life where the virtual intersects with reality and the boundaries between the two. grow more and more blurred. Now in many ways it may actually enhance the effectiveness of diplomacy. Virtual face to face negotiations may become as effective as in person ones. Global summits and indeed side conversations where you can interact virtually, where you can smell the coffee almost, can lead to both quicker responses and actually make a dent in climate change.",,,,false,
en_speech_002_0005.wav,en,speech,Anand Mahindra,2,6uUblznfrsk,English Speeches,https://youtu.be/6uUblznfrsk,207.915,262.045,53.485,"On the other hand, the metaverse is likely to turn out to be the new Wild West. What laws will govern it? Who will have jurisdiction and over what? Who will own the new forms of data that the metaverse metaverse is going to generate? pupil dilation, heartbeat rates, biometric data. What happens to free speech and to privacy? The metaverse and indeed the technology driven world of the future is going to be like the force. from Star Wars of course. But as all of you know, by itself the force is neither good nor bad. It depends on who uses it and towards what end. So these are all the potentus issues that your generation will have to grapple with. But yours is not the usual graduating class. You have all experienced the disruption caused by Covid. You",,,,false,
en_speech_002_0006.wav,en,speech,Anand Mahindra,2,6uUblznfrsk,English Speeches,https://youtu.be/6uUblznfrsk,262.045,315.84,53.795,"witness the absurdity of a brutal war taking place in the twenty-first century between affluent nations. You're seeing a world where few leaders are true or permanent role models. And in such a situation, this where there seems to be no certainty but only shades of gray. How does it make sense for me to tell you to go out into the world holding fast to your ideals. But my answer to that would be a resounding yes. Because it may in fact be the only way to make sense of a world in which the ground under your feet feels like quicksand. And because all of you are in a unique position to apply those ideals to your work right away, because you've all taken a decision to follow a career path that is going to have a wider impact on global issues than almost",,,,false,
en_speech_002_0007.wav,en,speech,Anand Mahindra,2,6uUblznfrsk,English Speeches,https://youtu.be/6uUblznfrsk,315.84,370.665,53.89,"any other career. So my first exhortation to you would be to embrace the ought, not the is. shape the world as it ought to be, rather than accepting it as it is. And human beings have never stopped aspiring to this ideal, no matter how messy the reality may be. And that's why the whole world loves it when David beats Goliath, when the good guy wins and the bad guy gets his comeuppance. may not always work that way in real life, but that's how we as human beings want it to be. And we make heroes out of those who make that happen. yet in a jagged and a paradoxical often brutal world, how can you hold fast to that ideal, to the ought? And that's where I think the centrality of purpose comes in.",,,,false,
en_speech_002_0008.wav,en,speech,Anand Mahindra,2,6uUblznfrsk,English Speeches,https://youtu.be/6uUblznfrsk,370.665,424.14,52.495,"cynic scoff at phrases like the power of purpose, but I have to tell you, in my experience, it works. Let me share the story of my own business. Mahindra and Mahindra was founded by two brothers, as Rachel mentioned, around the time of independence. It was a time when Indian industry was practically non-existent and many people, most notably Winston Churchill, did not expect India to survive or to be able to mold itself into a viable country. And we Indians begged to disagree. Our founders started the company with a high sense of idealism. Setting out to pre to prove that Indians could in fact build a new nation. And in fact when the company commenced business the first advertisement they came out with...",,,,false,
en_speech_002_0009.wav,en,speech,Anand Mahindra,2,6uUblznfrsk,English Speeches,https://youtu.be/6uUblznfrsk,424.14,475.51,51.23,"in nineteen forty-five had nothing to do with products or services. They only articulated their dreams for India, a set of principles and ideals with which they were starting business. And that was in nineteen forty-five. Over the years, obviously, India has confounded the naysayers and shaped itself into the world's largest democracy. And the Mahindra group of companies initially flourished as well, since in a bid for self-sufficiency, much of Indian industry was protected from external competition. However, in the early nineties, India and Indian industry were both in crisis. Faced with the prospect of running out of foreign exchange reserves, India took the radical step of radical of liberalizing its closed economy, and after decades of being protected, suddenly...",,,,false,
en_speech_002_0010.wav,en,speech,Anand Mahindra,2,6uUblznfrsk,English Speeches,https://youtu.be/6uUblznfrsk,475.51,530.155,54.295,"Good evening, Good evening. Please hold on your comments for few minutes. Let me complete the topic. I am giving you a good, very nice technique. Thank you. Very nice technique on how to speak extempore. When this technique you won't find anywhere because this is my technique, okay? And I'm giving you here, usually I'm giving it in my courses. I'm giving you here today, and I'm sure it will be useful. So in any situation when you are called without any preparation to speak and you do not even have a topic to speak, okay, they have just called you, please come and say few words, okay. And at that moment what happens? if people are not experienced and not easy with public speaking, they get stuck, they get frightened, they think what will I say.",,,,false,
en_speech_002_0011.wav,en,speech,Anand Mahindra,2,6uUblznfrsk,English Speeches,https://youtu.be/6uUblznfrsk,530.155,582.735,52.22,"I have seen so many very experienced people, very well read people, doctors and professors getting really a cold feet when they are suddenly called to speak without any knowledge of it. So, I'm giving you a technique. Using this technique, you will be able to manage such situation. I'm not telling that you will become a perfect speaker in this. This is extempore speech. Extempore means without preparation, impromptu. When you are speaking without preparation, people are not expecting you from you a scholarly speech, no. they are expecting some decent speech, that's it. So using this technique, you will be able to manage it. So this technique is called P P I T, you can note it. पी पी आई टी टेक्निक, ओके? एंड यूजिंग दिस टेक्निक यू विल बी एबल टू स्पीक ऑन एनी ओकेशन इफ द इशू इज नॉट गिवन टू यू, यू आर सिंपली कॉल्ड।",,,,false,
en_speech_002_0012.wav,en,speech,Anand Mahindra,2,6uUblznfrsk,English Speeches,https://youtu.be/6uUblznfrsk,582.735,634.415,49.43,"So what is P P I T here? Let's understand. Okay. First P. In P P I T, first P is called people. People. Okay. So it means you can talk something about the people present there. Let us say if school principal is sitting there on the desk. So you can say few words about that. You can first start by greeting.  Good evening, good morning, Namaskar to all. And then you can say thank you so much for giving me this opportunity to come on the days and represent parents or brother sister or represent our son there who is studying in this school. Then you can say, before I begin, keep in your mind P, you can say, before I begin and say something, let me congratulate Principal sir and entire staff of this college or this school to run it really well and professionally.",,,,false,
en_speech_002_0013.wav,en,speech,Anand Mahindra,2,6uUblznfrsk,English Speeches,https://youtu.be/6uUblznfrsk,634.415,688.1,53.59,"we feel it is like our family. Now you are talking about people there, okay? So say few sentence about people present on the day of and people present in the audience. In general, you will always be able to make few comments about the people, no matter what is the situation. Now it may be a club function, it may be a wedding ceremony, it may be some other kind of office ceremony, a farewell party or something, where suddenly if you are called to tell something, first remember P, talk about people, something, say few words, okay. Then move on to the second P. P P I T I told you. Second P. Second P is place. Okay, first P is people, second P is place. Now what do you say about place? Talk about that organization or that location where you are. So you can say whenever I come to this campus.",,,,false,
en_speech_002_0014.wav,en,speech,Anand Mahindra,2,6uUblznfrsk,English Speeches,https://youtu.be/6uUblznfrsk,688.1,739.06,50.81,"The world's most powerful companies were at our doorstep, anxious to get a temptingly large piece of the Indian pie. For old economy companies like ours, which had prospered under a protectionist regime and had forgotten really how to compete, the opening of of the Indian economy was like the Grim Reaper knocking at the door. And seriously, there were people around large consultancy firms who were busy writing our epitaph. And yet, three decades later, Here we are, a multi-billion dollar group, still chugging along and earning goodwill while we do so. So how did we do it? Well, obviously, there were many ingredients. But to my mind the most important one was to harness the power of purpose. We found ourselves in a very strange back to the future kind of situation.",,,,false,
en_speech_002_0015.wav,en,speech,Anand Mahindra,2,6uUblznfrsk,English Speeches,https://youtu.be/6uUblznfrsk,739.06,790.71,51.25,"where once again we had to prove that we as an Indian company could do it. that we could not just survive but thrive in the changed economic landscape. And drawing upon an Indian narrative and upon our corporate history, we first elucidated a core purpose that would galvanize people to come to work in the morning and give off their best. Now that co-purpose was simply to say Indians are second to none and we will make products that will prove that to the world. I know that sounds terribly parochial. Please understand. At that time it was a cry to shed the most invisible, pernicious, and lingering feelings of inferiority and a lack of self-belief, which was the bequest of colonialism.",,,,false,
en_speech_002_0016.wav,en,speech,Anand Mahindra,2,6uUblznfrsk,English Speeches,https://youtu.be/6uUblznfrsk,790.71,843.89,52.27,"And that really had an electrifying effect on our people. It triggered the David versus Goliath sentiment. It tapped into our collective memories of our founding days where we had succeeded against all odds because we had something to prove. and it fueled our self-belief. I know that sounds warm and fuzzy, but it contributed to concrete results. Between 2002 and 2013, our profits went up 33 times. Our stock price went up 72 times. That took a lot of hard work. But that hard work came about because people were motivated by a sense of purpose. Today, our core purpose has changed. We recognize that as we became transnational, we needed a more global and a more inclusive rallying cry.",,,,false,
en_speech_002_0017.wav,en,speech,Anand Mahindra,2,6uUblznfrsk,English Speeches,https://youtu.be/6uUblznfrsk,843.89,896.065,51.785,"Now, our purpose, our core purpose is almost as compact. It is to drive positive change in the lives of our communities to enable them to rise. And we often encapsulate that in just the one single word rise. Now how that credo precisely evolved is a longer story, but let me tell you that if you asked any one of our two hundred and fifty thousand strong global family what it is that differentiates our company, what it is that gets them to come into work every day, they will say it's our purpose. There's extraordinary alignment around that credo. And I want to underscore the fact that we adapted our purpose to new realities. I believe it's important to accept that purpose can evolve and it can transform. because many of the problems of the world that I alluded to earlier",,,,false,
en_speech_002_0018.wav,en,speech,Anand Mahindra,2,6uUblznfrsk,English Speeches,https://youtu.be/6uUblznfrsk,896.065,948.095,51.71,"simply arose out of rigid and immutable mindsets. Now, I'm a hard-headed businessman, not an armchair philosopher, but personal experience has taught me never to underestimate the power of purpose in business or in life. And there's no shortage of role models. But I'm not talking about larger than life clichéd icons. And even before you set out to change the world, which Fletcher no doubt has prepared you to do, I urge you all to take small steps to change the world around you. Perhaps your purpose, like Mahendra's, will also evolve over the course of your life. But one of the privileges of attending an institution like this is the opportunity to step outside the familiarity of your lived experiences.",,,,false,
en_speech_003_0001.wav,en,speech,Palki Sharma,3,-Z9b_v612QQ,English Speeches,https://youtu.be/-Z9b_v612QQ,46.87,100.19,53.175,"makes sense of the bigger picture and of the space that you occupy within it. I myself am inspired almost every single day by people who possess this understanding, who are committed every day to living with empathy and possibly without ever knowing how impactful they have been. So let me share with you one more personal story. Decades ago we were in a taxi, rushing to get my then one year old daughter to surgery for a hand injury that she had suffered. And my wife and I were beside ourselves with anxiety. My daughter was throwing a tantrum, and the taxi driver clearly picked up on our anxious, intense state. May I share an old saying with you? he quietly asked us. And he said if everyone's problems were like laundry.",,,,false,
en_speech_003_0002.wav,en,speech,Palki Sharma,3,-Z9b_v612QQ,English Speeches,https://youtu.be/-Z9b_v612QQ,100.19,153.2,52.3,"hanging out to dry in an open field and you had the opportunity to go out into that field and exchange your laundry, your problems in other words with anyone else's, you would still choose your own problems. And he paused and he just said quietly, don't worry, I'll get you there safe and sound and in time. And at that moment it was precisely the perspective that I needed. The surgery was a success and to this day, I look gratefully to that cab driver's wise act of comfort, a man who has no idea that he provided me with a view and a resilience that has helped me throughout my career. to deal with the roller coaster ride of business fortunes. You will similarly have no difficulty in finding such inspirational people. You may look around this room.",,,,false,
en_speech_003_0003.wav,en,speech,Palki Sharma,3,-Z9b_v612QQ,English Speeches,https://youtu.be/-Z9b_v612QQ,162.53,216.145,53.39,"and recognize a fellow student who stayed up with you all night to support you when life seemed overwhelming. A professor who postponed an exam when COVID anxiety was at its peak. parents who have worked tirelessly and sacrificed much to enable you to celebrate today. These are people who commit themselves to helping others rise in small but meaningful ways every single day. People who have come to understand the significance of empathy. they find ways to shape their world into what it ought to be. And I ask you, why can't the next individual who brings the is closer to the ought be you? So in closing, let me come back to my father. And I've often asked myself...",,,,false,
en_speech_003_0004.wav,en,speech,Palki Sharma,3,-Z9b_v612QQ,English Speeches,https://youtu.be/-Z9b_v612QQ,216.145,269.77,52.835,"Why did he come to Fletcher? He had already been with been away from his family and home for four years as an undergraduate at Harvard. Why didn't he simply choose to go home after such a long absence? And if I were to guess what went through his mind, I would say he stayed on because he saw a new world in the making. He wanted to understand that world and he wanted to be part of the solution. He came as the original pilgrim, seeking answers. In a way, so are you all, pilgrims, in search of answers. all pilgrims in search of a better world. I once read the perfect definition of a pilgrim, which says that a pilgrim",,,,false,
en_speech_003_0005.wav,en,speech,Palki Sharma,3,-Z9b_v612QQ,English Speeches,https://youtu.be/-Z9b_v612QQ,269.77,322.405,51.925,"I think this award and this recognition today is for my team, my channel, and for the journalism that that we do, and for the purpose that we hope we serve. What is the purpose we ask ourselves? I think what we set out to do was to tell India's story in India's words. the show I do, it's called Gravitas and the tagline is making sense of the news. But essentially we're trying to make sense of the world through India's perspective. Ladies and gentlemen, I've said this in the past, and I say it again, and I believe this, that our world today is a grand storytelling competition. We are all striving to present our national",,,,false,
en_speech_003_0006.wav,en,speech,Palki Sharma,3,-Z9b_v612QQ,English Speeches,https://youtu.be/-Z9b_v612QQ,322.405,374.74,51.995,"cultural, personal, all kinds of stories in the most persuasive manner. I remember reading somewhere in the olden times they used to say that if you want to poison a people you should poison their wells. You know, they'll have contaminated water, they'll die. Now it is said that if you want to poison a people you poison their stories. When you poison their stories, you contaminate their minds, and it's it's worse than dropping bombs. Because then you take away the self-confidence of a country. You devastate their morale. And I think that is more damaging any day than poisoning water or poisoning wells. you make a country doubt its abilities. And we Indians have been through a very difficult phase where we were colonized and while we achieved independence seventy five years ago...",,,,false,
en_speech_003_0007.wav,en,speech,Palki Sharma,3,-Z9b_v612QQ,English Speeches,https://youtu.be/-Z9b_v612QQ,412.39,464.455,52.02,"So it is important to tell stories and tell the right stories in the right manner because stories sway people. They change the course of policies, politics, and indeed the world. And this is my favorite example from the Second World War. America had a list of cities in Japan that they wanted to bomb with the atom bomb. And on that list was the city of Kyoto. But the US then had a Secretary of War, and he decided that Kyoto should not be part of the list. We know which two cities were bombed eventually, Hiroshima and Nagasaki. He removed Kyoto because this Secretary of War in America had been to Kyoto on his honeymoon. And he saw how beautiful Kyoto is and how rich it is culturally. And he believed that that culture should not be...",,,,false,
en_conversational_004_0001.wav,en,conversational,Dr Vivek Modi,4,4jnyb9hNoMY,Dr. Vivek Modi,https://youtu.be/4jnyb9hNoMY,0.01,50.36,50.35,"destroyed. So the story of Kyoto one and the story of Nagasaki and Hiroshima lost, which is why it is very important to also control your story. to actively shape it. We are a country of 1.4 billion people. We have more than 800 channels. We have a lot of content and our phone is full of stories and videos and reels and all sorts of things that you all consume. We are very aware and politically engaged people. From the tea seller to the C E O of a company, everybody knows what's happening. They can talk to you about Biden's policies and they can also weigh in on what's happening in Bihar and everything in between. But we seek validation from the foreign press.",,,,false,
en_conversational_004_0002.wav,en,conversational,Dr Vivek Modi,4,4jnyb9hNoMY,Dr. Vivek Modi,https://youtu.be/4jnyb9hNoMY,50.36,105.245,54.64,"If you've seen what's been making news in the past couple of days, you would know. The New York Times writes something about a policy in India and it immediately becomes a Twitter trend. But why do we need a certificate from the foreign press? We may trash it, we may say that we don't care about what the New York Times is saying, but we do. Because we discuss it. It affects us, we react to it, we consume it. The economist says something about who we should vote for in an Indian election. And it becomes part of the political debate. And while we've achieved a lot in India in the last seventy five years. We've not had a single newspaper in this country. Can you imagine an Indian newspaper publishing a headline about something in the U.S. or the U.K. and for that making",,,,false,
en_conversational_004_0003.wav,en,conversational,Dr Vivek Modi,4,4jnyb9hNoMY,Dr. Vivek Modi,https://youtu.be/4jnyb9hNoMY,105.245,160.395,55.105,"making it to the big political story of that country. Will American leaders debate what is written in the Indian Express? Will British leaders debate what's written in the Times of India? They're not affected by what we are saying, but we are affected by what they say about us. if there's disturbance in Kashmir, the BBC reports it, the Al Jazeera reports it. And you they use their own lens, their own editorial biases and all media is agenda driven. I was discussing it with someone earlier today. India's first newspaper,  Hicky's Gazette was a very anti-imperial newspaper. It had an agenda. It took sides. Media takes sides. And that is okay. The argument I'm making is very simple. We are a land of epics like the Mahabharat and Ramayan.",,,,false,
en_conversational_004_0004.wav,en,conversational,Dr Vivek Modi,4,4jnyb9hNoMY,Dr. Vivek Modi,https://youtu.be/4jnyb9hNoMY,160.395,209.01,48.5,"that in Europe, in Africa, in America, in Southeast Asia, there is an audience that wants to listen to India's perspective on what's happening in the world, that wants to know what India feels about global developments. and it's only time for a country that is ready to assume its role as a global leader to have a voice like that. When we began this journey in Beyond five years back, we were a young channel.  we believed in the product, we believed what we were trying to do. But we never imagined that in so short a time we'll get the kind of response that we that we do now. I was in Ukraine earlier this year and people saw the mic and there were some Indians and they walked up to us and they said yeh hamara channel hai. And that gives us a lot of lot of encouragement.",,,,false,
en_conversational_004_0005.wav,en,conversational,Dr Vivek Modi,4,4jnyb9hNoMY,Dr. Vivek Modi,https://youtu.be/4jnyb9hNoMY,209.01,261.67,52.535,,,,,false,
en_conversational_004_0006.wav,en,conversational,Dr Vivek Modi,4,4jnyb9hNoMY,Dr. Vivek Modi,https://youtu.be/4jnyb9hNoMY,261.67,312.445,50.105,,,,,false,
en_conversational_004_0007.wav,en,conversational,Dr Vivek Modi,4,4jnyb9hNoMY,Dr. Vivek Modi,https://youtu.be/4jnyb9hNoMY,312.445,367.75,54.99,,,,,false,
en_conversational_004_0008.wav,en,conversational,Dr Vivek Modi,4,4jnyb9hNoMY,Dr. Vivek Modi,https://youtu.be/4jnyb9hNoMY,367.75,418.71,50.82,,,,,false,
en_conversational_004_0009.wav,en,conversational,Dr Vivek Modi,4,4jnyb9hNoMY,Dr. Vivek Modi,https://youtu.be/4jnyb9hNoMY,418.71,472.085,53.265,,,,,false,
en_conversational_004_0010.wav,en,conversational,Dr Vivek Modi,4,4jnyb9hNoMY,Dr. Vivek Modi,https://youtu.be/4jnyb9hNoMY,472.085,528.735,56.555,,,,,false,
en_conversational_004_0011.wav,en,conversational,Dr Vivek Modi,4,4jnyb9hNoMY,Dr. Vivek Modi,https://youtu.be/4jnyb9hNoMY,528.735,579.77,50.975,,,,,false,
en_conversational_004_0012.wav,en,conversational,Dr Vivek Modi,4,4jnyb9hNoMY,Dr. Vivek Modi,https://youtu.be/4jnyb9hNoMY,628.17,680.3,52.13,,,,,false,
en_conversational_004_0013.wav,en,conversational,Dr Vivek Modi,4,4jnyb9hNoMY,Dr. Vivek Modi,https://youtu.be/4jnyb9hNoMY,680.3,734.75,54.25,,,,,false,
en_conversational_004_0014.wav,en,conversational,Dr Vivek Modi,4,4jnyb9hNoMY,Dr. Vivek Modi,https://youtu.be/4jnyb9hNoMY,734.75,784.475,49.585,,,,,false,
en_conversational_004_0015.wav,en,conversational,Dr Vivek Modi,4,4jnyb9hNoMY,Dr. Vivek Modi,https://youtu.be/4jnyb9hNoMY,784.475,833.91,49.125,,,,,false,
en_conversational_004_0016.wav,en,conversational,Dr Vivek Modi,4,4jnyb9hNoMY,Dr. Vivek Modi,https://youtu.be/4jnyb9hNoMY,833.91,886.72,52.32,,,,,false,
en_conversational_004_0017.wav,en,conversational,Dr Vivek Modi,4,4jnyb9hNoMY,Dr. Vivek Modi,https://youtu.be/4jnyb9hNoMY,886.72,939.05,51.88,,,,,false,
en_vlog_005_0001.wav,en,vlog,Sunita Rawat,5,rvLjNosnU8U,Sunita's English Adventure,https://youtu.be/rvLjNosnU8U,0.01,52.62,52.47,,,,,false,
en_vlog_005_0002.wav,en,vlog,Sunita Rawat,5,rvLjNosnU8U,Sunita's English Adventure,https://youtu.be/rvLjNosnU8U,89.13,141.735,52.44,,,,,false,
en_vlog_005_0003.wav,en,vlog,Sunita Rawat,5,rvLjNosnU8U,Sunita's English Adventure,https://youtu.be/rvLjNosnU8U,141.735,194.6,52.585,,,,,false,
en_vlog_005_0004.wav,en,vlog,Sunita Rawat,5,rvLjNosnU8U,Sunita's English Adventure,https://youtu.be/rvLjNosnU8U,194.6,247.285,52.545,,,,,false,
en_vlog_005_0005.wav,en,vlog,Sunita Rawat,5,rvLjNosnU8U,Sunita's English Adventure,https://youtu.be/rvLjNosnU8U,247.285,294.94,47.535,,,,,false,
en_vlog_005_0006.wav,en,vlog,Sunita Rawat,5,rvLjNosnU8U,Sunita's English Adventure,https://youtu.be/rvLjNosnU8U,305.73,358.22,52.315,,,,,false,
en_vlog_005_0007.wav,en,vlog,Sunita Rawat,5,rvLjNosnU8U,Sunita's English Adventure,https://youtu.be/rvLjNosnU8U,358.22,409.785,51.345,,,,,false,
en_podcast_006_0001.wav,en,podcast,Kenny Sebastian,6,1BLkYf187Es,Kenny Sebastian,https://youtu.be/1BLkYf187Es,36.25,85.145,48.52,,,,,false,
en_podcast_006_0002.wav,en,podcast,Kenny Sebastian,6,1BLkYf187Es,Kenny Sebastian,https://youtu.be/1BLkYf187Es,85.145,138.845,53.04,,,,,false,
en_podcast_006_0003.wav,en,podcast,Kenny Sebastian,6,1BLkYf187Es,Kenny Sebastian,https://youtu.be/1BLkYf187Es,138.845,191.945,52.8,,,,,false,
en_podcast_006_0004.wav,en,podcast,Kenny Sebastian,6,1BLkYf187Es,Kenny Sebastian,https://youtu.be/1BLkYf187Es,191.945,244.61,52.595,,,,,false,
en_podcast_006_0005.wav,en,podcast,Kenny Sebastian,6,1BLkYf187Es,Kenny Sebastian,https://youtu.be/1BLkYf187Es,244.61,290.7,45.985,,,,,false,
en_podcast_006_0006.wav,en,podcast,Kenny Sebastian,6,1BLkYf187Es,Kenny Sebastian,https://youtu.be/1BLkYf187Es,290.7,340.945,49.98,,,,,false,
en_podcast_006_0007.wav,en,podcast,Kenny Sebastian,6,1BLkYf187Es,Kenny Sebastian,https://youtu.be/1BLkYf187Es,340.945,393.695,51.755,,,,,false,
en_podcast_006_0008.wav,en,podcast,Kenny Sebastian,6,1BLkYf187Es,Kenny Sebastian,https://youtu.be/1BLkYf187Es,393.695,447.2,53.36,,,,,false,
en_podcast_006_0009.wav,en,podcast,Kenny Sebastian,6,1BLkYf187Es,Kenny Sebastian,https://youtu.be/1BLkYf187Es,447.2,501.43,53.395,,,,,false,
en_podcast_006_0010.wav,en,podcast,Kenny Sebastian,6,1BLkYf187Es,Kenny Sebastian,https://youtu.be/1BLkYf187Es,501.43,553.845,51.455,,,,,false,
en_podcast_006_0011.wav,en,podcast,Kenny Sebastian,6,1BLkYf187Es,Kenny Sebastian,https://youtu.be/1BLkYf187Es,553.845,600.84,46.465,,,,,false,
en_podcast_006_0012.wav,en,podcast,Kenny Sebastian,6,1BLkYf187Es,Kenny Sebastian,https://youtu.be/1BLkYf187Es,600.84,652.935,51.955,,,,,false,
en_podcast_006_0013.wav,en,podcast,Kenny Sebastian,6,1BLkYf187Es,Kenny Sebastian,https://youtu.be/1BLkYf187Es,652.935,705.355,52.2,,,,,false,
en_podcast_006_0014.wav,en,podcast,Kenny Sebastian,6,1BLkYf187Es,Kenny Sebastian,https://youtu.be/1BLkYf187Es,705.355,756.255,50.09,,,,,false,
en_podcast_006_0015.wav,en,podcast,Kenny Sebastian,6,1BLkYf187Es,Kenny Sebastian,https://youtu.be/1BLkYf187Es,756.255,809.16,52.245,,,,,false,
en_podcast_006_0016.wav,en,podcast,Kenny Sebastian,6,1BLkYf187Es,Kenny Sebastian,https://youtu.be/1BLkYf187Es,809.16,864.13,54.21,,,,,false,
en_podcast_006_0017.wav,en,podcast,Kenny Sebastian,6,1BLkYf187Es,Kenny Sebastian,https://youtu.be/1BLkYf187Es,864.13,915.6,51.18,,,,,false,
en_podcast_006_0018.wav,en,podcast,Kenny Sebastian,6,1BLkYf187Es,Kenny Sebastian,https://youtu.be/1BLkYf187Es,915.6,968.065,51.985,,,,,false,
en_podcast_006_0019.wav,en,podcast,Kenny Sebastian,6,1BLkYf187Es,Kenny Sebastian,https://youtu.be/1BLkYf187Es,968.065,1017.81,49.63,,,,,false,
en_podcast_006_0020.wav,en,podcast,Kenny Sebastian,6,1BLkYf187Es,Kenny Sebastian,https://youtu.be/1BLkYf187Es,1017.81,1070.96,52.905,,,,,false,
en_podcast_006_0021.wav,en,podcast,Kenny Sebastian,6,1BLkYf187Es,Kenny Sebastian,https://youtu.be/1BLkYf187Es,1070.96,1124.015,52.885,,,,,false,
en_podcast_006_0022.wav,en,podcast,Kenny Sebastian,6,1BLkYf187Es,Kenny Sebastian,https://youtu.be/1BLkYf187Es,1124.015,1176.28,51.71,,,,,false,
en_podcast_006_0023.wav,en,podcast,Kenny Sebastian,6,1BLkYf187Es,Kenny Sebastian,https://youtu.be/1BLkYf187Es,1176.28,1228.855,51.865,,,,,false,
en_podcast_006_0024.wav,en,podcast,Kenny Sebastian,6,1BLkYf187Es,Kenny Sebastian,https://youtu.be/1BLkYf187Es,1228.855,1280.995,51.92,,,,,false,
en_podcast_006_0025.wav,en,podcast,Kenny Sebastian,6,1BLkYf187Es,Kenny Sebastian,https://youtu.be/1BLkYf187Es,1280.995,1329.685,48.61,,,,,false,
en_podcast_006_0026.wav,en,podcast,Kenny Sebastian,6,1BLkYf187Es,Kenny Sebastian,https://youtu.be/1BLkYf187Es,1329.685,1383.365,53.39,,,,,false,
en_podcast_006_0027.wav,en,podcast,Kenny Sebastian,6,1BLkYf187Es,Kenny Sebastian,https://youtu.be/1BLkYf187Es,1383.365,1435.37,51.175,,,,,false,
en_podcast_006_0028.wav,en,podcast,Kenny Sebastian,6,1BLkYf187Es,Kenny Sebastian,https://youtu.be/1BLkYf187Es,1435.37,1486.265,50.155,,,,,false,
en_podcast_006_0029.wav,en,podcast,Kenny Sebastian,6,1BLkYf187Es,Kenny Sebastian,https://youtu.be/1BLkYf187Es,1486.265,1538.43,52.065,,,,,false,
en_podcast_006_0030.wav,en,podcast,Kenny Sebastian,6,1BLkYf187Es,Kenny Sebastian,https://youtu.be/1BLkYf187Es,1538.43,1587.47,48.835,,,,,false,
en_podcast_006_0031.wav,en,podcast,Kenny Sebastian,6,1BLkYf187Es,Kenny Sebastian,https://youtu.be/1BLkYf187Es,1600.27,1655.13,54.565,,,,,false,
en_podcast_006_0032.wav,en,podcast,Kenny Sebastian,6,1BLkYf187Es,Kenny Sebastian,https://youtu.be/1BLkYf187Es,1655.13,1708.35,52.76,,,,,false,
en_podcast_006_0033.wav,en,podcast,Kenny Sebastian,6,1BLkYf187Es,Kenny Sebastian,https://youtu.be/1BLkYf187Es,1708.35,1760.675,51.735,,,,,false,
en_podcast_006_0034.wav,en,podcast,Kenny Sebastian,6,1BLkYf187Es,Kenny Sebastian,https://youtu.be/1BLkYf187Es,1760.675,1814.195,53.045,,,,,false,
en_podcast_006_0035.wav,en,podcast,Kenny Sebastian,6,1BLkYf187Es,Kenny Sebastian,https://youtu.be/1BLkYf187Es,1814.195,1861.65,46.945,,,,,false,
en_podcast_006_0036.wav,en,podcast,Kenny Sebastian,6,1BLkYf187Es,Kenny Sebastian,https://youtu.be/1BLkYf187Es,1861.65,1913.85,52.105,,,,,false,
en_podcast_006_0037.wav,en,podcast,Kenny Sebastian,6,1BLkYf187Es,Kenny Sebastian,https://youtu.be/1BLkYf187Es,1913.85,1966.57,52.435,,,,,false,
en_podcast_006_0038.wav,en,podcast,Kenny Sebastian,6,1BLkYf187Es,Kenny Sebastian,https://youtu.be/1BLkYf187Es,1966.57,2012.675,45.845,,,,,false,
en_speech_007_0001.wav,en,speech,Nikhil Kamath,7,CqeyXD5RAWw,English Speeches,https://youtu.be/CqeyXD5RAWw,87.27,140.005,52.66,,,,,false,
en_speech_007_0002.wav,en,speech,Nikhil Kamath,7,CqeyXD5RAWw,English Speeches,https://youtu.be/CqeyXD5RAWw,217.59,265.295,47.6,,,,,false,
en_speech_007_0003.wav,en,speech,Nikhil Kamath,7,CqeyXD5RAWw,English Speeches,https://youtu.be/CqeyXD5RAWw,457.07,508.265,50.42,,,,,false,
en_speech_007_0004.wav,en,speech,Nikhil Kamath,7,CqeyXD5RAWw,English Speeches,https://youtu.be/CqeyXD5RAWw,565.49,617.1,50.375,,,,,false,
en_speech_007_0005.wav,en,speech,Nikhil Kamath,7,CqeyXD5RAWw,English Speeches,https://youtu.be/CqeyXD5RAWw,762.27,816.23,53.96,,,,,false,
en_speech_007_0006.wav,en,speech,Nikhil Kamath,7,CqeyXD5RAWw,English Speeches,https://youtu.be/CqeyXD5RAWw,816.23,869.28,52.325,,,,,false,
en_speech_007_0007.wav,en,speech,Nikhil Kamath,7,CqeyXD5RAWw,English Speeches,https://youtu.be/CqeyXD5RAWw,869.28,919.465,48.845,,,,,false,
en_speech_007_0008.wav,en,speech,Nikhil Kamath,7,CqeyXD5RAWw,English Speeches,https://youtu.be/CqeyXD5RAWw,977.91,1028.675,50.765,,,,,false,
en_standup_008_0001.wav,en,standup,Urooj Ashfaq,8,EzJhTb564iA,Stand up Comedy,https://youtu.be/EzJhTb564iA,71.75,124.88,53.13,,,,,false,
en_standup_008_0002.wav,en,standup,Urooj Ashfaq,8,EzJhTb564iA,Stand up Comedy,https://youtu.be/EzJhTb564iA,124.88,177.04,52.065,,,,,false,
en_standup_008_0003.wav,en,standup,Urooj Ashfaq,8,EzJhTb564iA,Stand up Comedy,https://youtu.be/EzJhTb564iA,204.95,256.015,49.54,,,,,false,
en_standup_008_0004.wav,en,standup,Urooj Ashfaq,8,EzJhTb564iA,Stand up Comedy,https://youtu.be/EzJhTb564iA,292.49,344.035,51.545,,,,,false,
en_dramatic_009_0001.wav,en,dramatic,Rohan Joshi,9,nXvQX3MNcmc,Kommune India,https://youtu.be/nXvQX3MNcmc,0.47,53.115,52.61,,,,,false,
en_dramatic_009_0002.wav,en,dramatic,Rohan Joshi,9,nXvQX3MNcmc,Kommune India,https://youtu.be/nXvQX3MNcmc,53.115,106.305,53.125,,,,,false,
en_dramatic_009_0003.wav,en,dramatic,Rohan Joshi,9,nXvQX3MNcmc,Kommune India,https://youtu.be/nXvQX3MNcmc,106.305,157.98,51.49,,,,,false,
en_dramatic_009_0004.wav,en,dramatic,Rohan Joshi,9,nXvQX3MNcmc,Kommune India,https://youtu.be/nXvQX3MNcmc,157.98,213.21,54.54,,,,,false,
en_dramatic_009_0005.wav,en,dramatic,Rohan Joshi,9,nXvQX3MNcmc,Kommune India,https://youtu.be/nXvQX3MNcmc,262.63,315.695,52.91,,,,,false,
en_dramatic_009_0006.wav,en,dramatic,Rohan Joshi,9,nXvQX3MNcmc,Kommune India,https://youtu.be/nXvQX3MNcmc,366.83,419.64,52.81,,,,,false,
hi_conversational_010_0001.wav,hi,conversational,Narendra Modi,10,4_HHbZIX64s,Bharatiya Janata Party,https://youtu.be/4_HHbZIX64s,23.21,76.44,53.175,,,,,false,
hi_conversational_010_0002.wav,hi,conversational,Narendra Modi,10,4_HHbZIX64s,Bharatiya Janata Party,https://youtu.be/4_HHbZIX64s,76.44,130.22,53.64,,,,,false,
hi_conversational_010_0003.wav,hi,conversational,Narendra Modi,10,4_HHbZIX64s,Bharatiya Janata Party,https://youtu.be/4_HHbZIX64s,130.22,181.87,51.59,,,,,false,
hi_conversational_010_0004.wav,hi,conversational,Narendra Modi,10,4_HHbZIX64s,Bharatiya Janata Party,https://youtu.be/4_HHbZIX64s,181.87,234.955,52.965,,,,,false,
hi_conversational_010_0005.wav,hi,conversational,Narendra Modi,10,4_HHbZIX64s,Bharatiya Janata Party,https://youtu.be/4_HHbZIX64s,234.955,286.51,51.325,,,,,false,
hi_conversational_010_0006.wav,hi,conversational,Narendra Modi,10,4_HHbZIX64s,Bharatiya Janata Party,https://youtu.be/4_HHbZIX64s,286.51,338.74,51.88,,,,,false,
hi_conversational_010_0007.wav,hi,conversational,Narendra Modi,10,4_HHbZIX64s,Bharatiya Janata Party,https://youtu.be/4_HHbZIX64s,338.74,391.69,52.58,,,,,false,
hi_conversational_010_0008.wav,hi,conversational,Narendra Modi,10,4_HHbZIX64s,Bharatiya Janata Party,https://youtu.be/4_HHbZIX64s,391.69,443.565,51.525,,,,,false,
hi_conversational_010_0009.wav,hi,conversational,Narendra Modi,10,4_HHbZIX64s,Bharatiya Janata Party,https://youtu.be/4_HHbZIX64s,443.565,496.325,52.46,,,,,false,
hi_conversational_010_0010.wav,hi,conversational,Narendra Modi,10,4_HHbZIX64s,Bharatiya Janata Party,https://youtu.be/4_HHbZIX64s,496.325,547.86,51.445,,,,,false,
hi_conversational_010_0011.wav,hi,conversational,Narendra Modi,10,4_HHbZIX64s,Bharatiya Janata Party,https://youtu.be/4_HHbZIX64s,547.86,600.83,52.93,,,,,false,
hi_conversational_010_0012.wav,hi,conversational,Narendra Modi,10,4_HHbZIX64s,Bharatiya Janata Party,https://youtu.be/4_HHbZIX64s,600.83,653.745,52.785,,,,,false,
hi_conversational_010_0013.wav,hi,conversational,Narendra Modi,10,4_HHbZIX64s,Bharatiya Janata Party,https://youtu.be/4_HHbZIX64s,653.745,705.94,52.04,,,,,false,
hi_conversational_010_0014.wav,hi,conversational,Narendra Modi,10,4_HHbZIX64s,Bharatiya Janata Party,https://youtu.be/4_HHbZIX64s,705.94,757.08,51.125,,,,,false,
hi_conversational_010_0015.wav,hi,conversational,Narendra Modi,10,4_HHbZIX64s,Bharatiya Janata Party,https://youtu.be/4_HHbZIX64s,757.08,809.95,52.84,,,,,false,
hi_conversational_010_0016.wav,hi,conversational,Narendra Modi,10,4_HHbZIX64s,Bharatiya Janata Party,https://youtu.be/4_HHbZIX64s,809.95,861.935,51.885,,,,,false,
hi_conversational_010_0017.wav,hi,conversational,Narendra Modi,10,4_HHbZIX64s,Bharatiya Janata Party,https://youtu.be/4_HHbZIX64s,861.935,914.915,52.77,,,,,false,
hi_conversational_010_0018.wav,hi,conversational,Narendra Modi,10,4_HHbZIX64s,Bharatiya Janata Party,https://youtu.be/4_HHbZIX64s,914.915,966.52,51.415,,,,,false,
hi_conversational_010_0019.wav,hi,conversational,Narendra Modi,10,4_HHbZIX64s,Bharatiya Janata Party,https://youtu.be/4_HHbZIX64s,966.52,1019.765,52.945,,,,,false,
hi_conversational_010_0020.wav,hi,conversational,Narendra Modi,10,4_HHbZIX64s,Bharatiya Janata Party,https://youtu.be/4_HHbZIX64s,1019.765,1072.175,52.195,,,,,false,
hi_conversational_010_0021.wav,hi,conversational,Narendra Modi,10,4_HHbZIX64s,Bharatiya Janata Party,https://youtu.be/4_HHbZIX64s,1072.175,1123.95,51.56,,,,,false,
hi_conversational_010_0022.wav,hi,conversational,Narendra Modi,10,4_HHbZIX64s,Bharatiya Janata Party,https://youtu.be/4_HHbZIX64s,1123.95,1176.35,52.18,,,,,false,
hi_conversational_010_0023.wav,hi,conversational,Narendra Modi,10,4_HHbZIX64s,Bharatiya Janata Party,https://youtu.be/4_HHbZIX64s,1176.35,1229.845,53.405,,,,,false,
hi_conversational_010_0024.wav,hi,conversational,Narendra Modi,10,4_HHbZIX64s,Bharatiya Janata Party,https://youtu.be/4_HHbZIX64s,1229.845,1281.25,51.155,,,,,false,
hi_conversational_010_0025.wav,hi,conversational,Narendra Modi,10,4_HHbZIX64s,Bharatiya Janata Party,https://youtu.be/4_HHbZIX64s,1281.25,1333.55,52.11,,,,,false,
hi_conversational_010_0026.wav,hi,conversational,Narendra Modi,10,4_HHbZIX64s,Bharatiya Janata Party,https://youtu.be/4_HHbZIX64s,1333.55,1385.625,51.775,,,,,false,
hi_conversational_010_0027.wav,hi,conversational,Narendra Modi,10,4_HHbZIX64s,Bharatiya Janata Party,https://youtu.be/4_HHbZIX64s,1385.625,1438.935,53.01,,,,,false,
hi_conversational_010_0028.wav,hi,conversational,Narendra Modi,10,4_HHbZIX64s,Bharatiya Janata Party,https://youtu.be/4_HHbZIX64s,1438.935,1491.215,52.06,,,,,false,
hi_conversational_010_0029.wav,hi,conversational,Narendra Modi,10,4_HHbZIX64s,Bharatiya Janata Party,https://youtu.be/4_HHbZIX64s,1491.215,1545.455,53.86,,,,,false,
hi_conversational_010_0030.wav,hi,conversational,Narendra Modi,10,4_HHbZIX64s,Bharatiya Janata Party,https://youtu.be/4_HHbZIX64s,1545.455,1597.805,52.13,,,,,false,
hi_conversational_010_0031.wav,hi,conversational,Narendra Modi,10,4_HHbZIX64s,Bharatiya Janata Party,https://youtu.be/4_HHbZIX64s,1597.805,1649.945,51.95,,,,,false,
hi_conversational_010_0032.wav,hi,conversational,Narendra Modi,10,4_HHbZIX64s,Bharatiya Janata Party,https://youtu.be/4_HHbZIX64s,1649.945,1702.715,52.54,,,,,false,
hi_conversational_010_0033.wav,hi,conversational,Narendra Modi,10,4_HHbZIX64s,Bharatiya Janata Party,https://youtu.be/4_HHbZIX64s,1702.715,1753.495,50.56,,,,,false,
hi_conversational_010_0034.wav,hi,conversational,Narendra Modi,10,4_HHbZIX64s,Bharatiya Janata Party,https://youtu.be/4_HHbZIX64s,1753.495,1806.13,52.315,,,,,false,
hi_news_011_0001.wav,hi,news,Ravish Kumar,11,-by301ZV-dc,Ravish Kumar Official,https://youtu.be/-by301ZV-dc,0.01,54.255,53.875,,,,,false,
hi_news_011_0002.wav,hi,news,Ravish Kumar,11,-by301ZV-dc,Ravish Kumar Official,https://youtu.be/-by301ZV-dc,54.255,106.63,52.155,,,,,false,
hi_news_011_0003.wav,hi,news,Ravish Kumar,11,-by301ZV-dc,Ravish Kumar Official,https://youtu.be/-by301ZV-dc,106.63,158.875,52.135,,,,,false,
hi_news_011_0004.wav,hi,news,Ravish Kumar,11,-by301ZV-dc,Ravish Kumar Official,https://youtu.be/-by301ZV-dc,158.875,209.665,50.66,,,,,false,
hi_news_011_0005.wav,hi,news,Ravish Kumar,11,-by301ZV-dc,Ravish Kumar Official,https://youtu.be/-by301ZV-dc,209.665,261.55,51.825,,,,,false,
hi_news_011_0006.wav,hi,news,Ravish Kumar,11,-by301ZV-dc,Ravish Kumar Official,https://youtu.be/-by301ZV-dc,261.55,314.415,52.81,,,,,false,
hi_news_011_0007.wav,hi,news,Ravish Kumar,11,-by301ZV-dc,Ravish Kumar Official,https://youtu.be/-by301ZV-dc,314.415,365.84,51.245,,,,,false,
hi_news_011_0008.wav,hi,news,Ravish Kumar,11,-by301ZV-dc,Ravish Kumar Official,https://youtu.be/-by301ZV-dc,365.84,418.83,52.89,,,,,false,
hi_news_011_0009.wav,hi,news,Ravish Kumar,11,-by301ZV-dc,Ravish Kumar Official,https://youtu.be/-by301ZV-dc,418.83,470.82,51.93,,,,,false,
hi_news_011_0010.wav,hi,news,Ravish Kumar,11,-by301ZV-dc,Ravish Kumar Official,https://youtu.be/-by301ZV-dc,470.82,523.82,52.91,,,,,false,
hi_news_011_0011.wav,hi,news,Ravish Kumar,11,-by301ZV-dc,Ravish Kumar Official,https://youtu.be/-by301ZV-dc,523.82,575.65,51.75,,,,,false,
hi_news_011_0012.wav,hi,news,Ravish Kumar,11,-by301ZV-dc,Ravish Kumar Official,https://youtu.be/-by301ZV-dc,575.65,627.18,51.495,,,,,false,
hi_news_011_0013.wav,hi,news,Ravish Kumar,11,-by301ZV-dc,Ravish Kumar Official,https://youtu.be/-by301ZV-dc,627.18,678.585,51.405,,,,,false,
hi_news_011_0014.wav,hi,news,Ravish Kumar,11,-by301ZV-dc,Ravish Kumar Official,https://youtu.be/-by301ZV-dc,770.25,822.315,52.04,,,,,false,
hi_news_011_0015.wav,hi,news,Ravish Kumar,11,-by301ZV-dc,Ravish Kumar Official,https://youtu.be/-by301ZV-dc,822.315,873.6,51.125,,,,,false,
hi_news_011_0016.wav,hi,news,Ravish Kumar,11,-by301ZV-dc,Ravish Kumar Official,https://youtu.be/-by301ZV-dc,873.6,926.395,52.585,,,,,false,
hi_news_011_0017.wav,hi,news,Ravish Kumar,11,-by301ZV-dc,Ravish Kumar Official,https://youtu.be/-by301ZV-dc,994.67,1045.81,51.025,,,,,false,
hi_news_011_0018.wav,hi,news,Ravish Kumar,11,-by301ZV-dc,Ravish Kumar Official,https://youtu.be/-by301ZV-dc,1045.81,1097.725,51.8,,,,,false,
hi_news_011_0019.wav,hi,news,Ravish Kumar,11,-by301ZV-dc,Ravish Kumar Official,https://youtu.be/-by301ZV-dc,1097.725,1150.07,52.25,,,,,false,
hi_news_011_0020.wav,hi,news,Ravish Kumar,11,-by301ZV-dc,Ravish Kumar Official,https://youtu.be/-by301ZV-dc,1150.07,1203.8,53.635,,,,,false,
hi_news_011_0021.wav,hi,news,Ravish Kumar,11,-by301ZV-dc,Ravish Kumar Official,https://youtu.be/-by301ZV-dc,1203.8,1254.365,50.425,,,,,false,
hi_poetry_012_0001.wav,hi,poetry,Nayab Midha,12,6AdLwGUQ9nE,Nayab Midha,https://youtu.be/6AdLwGUQ9nE,76.92,134.49,57.26,,,,,false,
hi_cooking_013_0001.wav,hi,cooking,Kabita,13,LutmL5YKfX4,Kabita's Kitchen,https://youtu.be/LutmL5YKfX4,24.05,75.72,51.67,,,,,false,
hi_cooking_013_0002.wav,hi,cooking,Kabita,13,LutmL5YKfX4,Kabita's Kitchen,https://youtu.be/LutmL5YKfX4,75.72,127.825,51.735,,,,,false,
hi_cooking_013_0003.wav,hi,cooking,Kabita,13,LutmL5YKfX4,Kabita's Kitchen,https://youtu.be/LutmL5YKfX4,127.825,179.11,50.805,,,,,false,
hi_speech_014_0001.wav,hi,speech,Vikas Sir,14,sGAe5K79h-g,Vikas Sir Speech,https://youtu.be/sGAe5K79h-g,0.17,51.105,50.14,,,,,false,
hi_speech_014_0002.wav,hi,speech,Vikas Sir,14,sGAe5K79h-g,Vikas Sir Speech,https://youtu.be/sGAe5K79h-g,51.105,103.705,51.34,,,,,false,
hi_speech_014_0003.wav,hi,speech,Vikas Sir,14,sGAe5K79h-g,Vikas Sir Speech,https://youtu.be/sGAe5K79h-g,103.705,154.515,49.46,,,,,false,
hi_speech_014_0004.wav,hi,speech,Vikas Sir,14,sGAe5K79h-g,Vikas Sir Speech,https://youtu.be/sGAe5K79h-g,154.515,204.365,48.08,,,,,false,
hi_speech_014_0005.wav,hi,speech,Vikas Sir,14,sGAe5K79h-g,Vikas Sir Speech,https://youtu.be/sGAe5K79h-g,204.365,255.645,50.06,,,,,false,
hi_speech_014_0006.wav,hi,speech,Vikas Sir,14,sGAe5K79h-g,Vikas Sir Speech,https://youtu.be/sGAe5K79h-g,311.39,364.995,52.91,,,,,false,
hi_speech_014_0007.wav,hi,speech,Vikas Sir,14,sGAe5K79h-g,Vikas Sir Speech,https://youtu.be/sGAe5K79h-g,364.995,417.07,50.745,,,,,false,
hi_speech_014_0008.wav,hi,speech,Vikas Sir,14,sGAe5K79h-g,Vikas Sir Speech,https://youtu.be/sGAe5K79h-g,417.07,470.87,52.95,,,,,false,
hi_speech_014_0009.wav,hi,speech,Vikas Sir,14,sGAe5K79h-g,Vikas Sir Speech,https://youtu.be/sGAe5K79h-g,470.87,523.27,51.64,,,,,false,
hi_speech_014_0010.wav,hi,speech,Vikas Sir,14,sGAe5K79h-g,Vikas Sir Speech,https://youtu.be/sGAe5K79h-g,523.27,576.59,52.74,,,,,false,
hi_speech_014_0011.wav,hi,speech,Vikas Sir,14,sGAe5K79h-g,Vikas Sir Speech,https://youtu.be/sGAe5K79h-g,576.59,628.99,52.17,,,,,false,
hi_speech_014_0012.wav,hi,speech,Vikas Sir,14,sGAe5K79h-g,Vikas Sir Speech,https://youtu.be/sGAe5K79h-g,646.73,698.885,51.97,,,,,false,
hi_speech_014_0013.wav,hi,speech,Vikas Sir,14,sGAe5K79h-g,Vikas Sir Speech,https://youtu.be/sGAe5K79h-g,698.885,750.335,50.36,,,,,false,
hi_speech_014_0014.wav,hi,speech,Vikas Sir,14,sGAe5K79h-g,Vikas Sir Speech,https://youtu.be/sGAe5K79h-g,750.335,801.82,49.675,,,,,false,
hi_speech_014_0015.wav,hi,speech,Vikas Sir,14,sGAe5K79h-g,Vikas Sir Speech,https://youtu.be/sGAe5K79h-g,801.82,850.26,47.08,,,,,false,
hi_speech_014_0016.wav,hi,speech,Vikas Sir,14,sGAe5K79h-g,Vikas Sir Speech,https://youtu.be/sGAe5K79h-g,860.51,913.45,52.015,,,,,false,
hi_speech_014_0017.wav,hi,speech,Vikas Sir,14,sGAe5K79h-g,Vikas Sir Speech,https://youtu.be/sGAe5K79h-g,913.45,963.92,49.09,,,,,false,
hi_speech_014_0018.wav,hi,speech,Vikas Sir,14,sGAe5K79h-g,Vikas Sir Speech,https://youtu.be/sGAe5K79h-g,963.92,1015.66,50.52,,,,,false,
hi_speech_014_0019.wav,hi,speech,Vikas Sir,14,sGAe5K79h-g,Vikas Sir Speech,https://youtu.be/sGAe5K79h-g,1015.66,1069.59,52.99,,,,,false,
hi_speech_014_0020.wav,hi,speech,Vikas Sir,14,sGAe5K79h-g,Vikas Sir Speech,https://youtu.be/sGAe5K79h-g,1069.59,1121.75,51.72,,,,,false,
hi_speech_014_0021.wav,hi,speech,Vikas Sir,14,sGAe5K79h-g,Vikas Sir Speech,https://youtu.be/sGAe5K79h-g,1121.75,1175.51,53.49,,,,,false,
hi_speech_014_0022.wav,hi,speech,Vikas Sir,14,sGAe5K79h-g,Vikas Sir Speech,https://youtu.be/sGAe5K79h-g,1175.51,1230.06,54.39,,,,,false,
hi_standup_015_0001.wav,hi,standup,Ravi Gupta,15,PDx1HWJezwU,BBC News Hindi,https://youtu.be/PDx1HWJezwU,113.05,166.74,53.69,,,,,false,
hi_standup_015_0002.wav,hi,standup,Ravi Gupta,15,PDx1HWJezwU,BBC News Hindi,https://youtu.be/PDx1HWJezwU,297.87,350.455,52.55,,,,,false,
hi_standup_015_0003.wav,hi,standup,Ravi Gupta,15,PDx1HWJezwU,BBC News Hindi,https://youtu.be/PDx1HWJezwU,385.11,435.915,50.805,,,,,false,
hi_standup_015_0004.wav,hi,standup,Ravi Gupta,15,PDx1HWJezwU,BBC News Hindi,https://youtu.be/PDx1HWJezwU,435.915,489.505,53.255,,,,,false,
hi_standup_015_0005.wav,hi,standup,Ravi Gupta,15,PDx1HWJezwU,BBC News Hindi,https://youtu.be/PDx1HWJezwU,489.505,534.415,44.565,,,,,false,
hi_standup_015_0006.wav,hi,standup,Ravi Gupta,15,PDx1HWJezwU,BBC News Hindi,https://youtu.be/PDx1HWJezwU,574.27,626.3,52.03,,,,,false,
hi_standup_015_0007.wav,hi,standup,Ravi Gupta,15,PDx1HWJezwU,BBC News Hindi,https://youtu.be/PDx1HWJezwU,665.57,718.23,52.435,,,,,false,
hi_standup_015_0008.wav,hi,standup,Ravi Gupta,15,PDx1HWJezwU,BBC News Hindi,https://youtu.be/PDx1HWJezwU,741.93,791.98,50.05,,,,,false,
hi_standup_015_0009.wav,hi,standup,Ravi Gupta,15,PDx1HWJezwU,BBC News Hindi,https://youtu.be/PDx1HWJezwU,803.41,856.665,53.19,,,,,false,
hi_standup_015_0010.wav,hi,standup,Ravi Gupta,15,PDx1HWJezwU,BBC News Hindi,https://youtu.be/PDx1HWJezwU,1076.63,1128.825,51.91,,,,,false,
hi_standup_015_0011.wav,hi,standup,Ravi Gupta,15,PDx1HWJezwU,BBC News Hindi,https://youtu.be/PDx1HWJezwU,1166.09,1219.475,53.34,,,,,false,
hi_standup_015_0012.wav,hi,standup,Ravi Gupta,15,PDx1HWJezwU,BBC News Hindi,https://youtu.be/PDx1HWJezwU,1290.03,1342.75,52.465,,,,,false,
hi_standup_015_0013.wav,hi,standup,Ravi Gupta,15,PDx1HWJezwU,BBC News Hindi,https://youtu.be/PDx1HWJezwU,1517.51,1569.415,51.905,,,,,false,
hi_dramatic_016_0001.wav,hi,dramatic,Unknown Narrator,16,cgh-kOvO1fk,English For All,https://youtu.be/cgh-kOvO1fk,0.01,55.585,55.455,,,,,false,
hi_dramatic_016_0002.wav,hi,dramatic,Unknown Narrator,16,cgh-kOvO1fk,English For All,https://youtu.be/cgh-kOvO1fk,55.585,109.905,54.08,,,,,false,
hi_dramatic_016_0003.wav,hi,dramatic,Unknown Narrator,16,cgh-kOvO1fk,English For All,https://youtu.be/cgh-kOvO1fk,109.905,163.29,52.855,,,,,false,
hi_dramatic_016_0004.wav,hi,dramatic,Unknown Narrator,16,cgh-kOvO1fk,English For All,https://youtu.be/cgh-kOvO1fk,163.29,216.08,52.51,,,,,false,
hi_dramatic_016_0005.wav,hi,dramatic,Unknown Narrator,16,cgh-kOvO1fk,English For All,https://youtu.be/cgh-kOvO1fk,216.08,268.72,52.215,,,,,false,
hi_dramatic_016_0006.wav,hi,dramatic,Unknown Narrator,16,cgh-kOvO1fk,English For All,https://youtu.be/cgh-kOvO1fk,268.72,319.865,50.415,,,,,false,
hi_dramatic_016_0007.wav,hi,dramatic,Unknown Narrator,16,cgh-kOvO1fk,English For All,https://youtu.be/cgh-kOvO1fk,319.865,372.415,52.07,,,,,false,
hi_dramatic_016_0008.wav,hi,dramatic,Unknown Narrator,16,cgh-kOvO1fk,English For All,https://youtu.be/cgh-kOvO1fk,372.415,423.3,50.635,,,,,false,
hi_dramatic_016_0009.wav,hi,dramatic,Unknown Narrator,16,cgh-kOvO1fk,English For All,https://youtu.be/cgh-kOvO1fk,423.3,474.99,51.51,,,,,false,
hi_dramatic_016_0010.wav,hi,dramatic,Unknown Narrator,16,cgh-kOvO1fk,English For All,https://youtu.be/cgh-kOvO1fk,474.99,527.535,52.225,,,,,false,
hi_dramatic_016_0011.wav,hi,dramatic,Unknown Narrator,16,cgh-kOvO1fk,English For All,https://youtu.be/cgh-kOvO1fk,527.535,579.475,51.49,,,,,false,
hi_dramatic_016_0012.wav,hi,dramatic,Unknown Narrator,16,cgh-kOvO1fk,English For All,https://youtu.be/cgh-kOvO1fk,579.475,630.59,50.835,,,,,false,
hi_dramatic_016_0013.wav,hi,dramatic,Unknown Narrator,16,cgh-kOvO1fk,English For All,https://youtu.be/cgh-kOvO1fk,630.59,684.175,53.325,,,,,false,
hi_dramatic_016_0014.wav,hi,dramatic,Unknown Narrator,16,cgh-kOvO1fk,English For All,https://youtu.be/cgh-kOvO1fk,684.175,733.335,48.81,,,,,false,
